1747816892;21.05.2025 08:41:32;00;10;0,0;0,0;28,6;0,0000;0;150,0;-0,5;0,8;150,0;-0,5;0,8;0;0;0;0;0;0;0;0;0;0;0;0;0;0;0;0;0;0;193;242;255;255;220;7;0;0;146;6;0;0;1;0;1;0;3;1;0;0;0;0;0;0;0;0;0;0;0;0;0;0;0;0;2;0;0x09;
1747816912;21.05.2025 08:41:52;00;10;0,0;0,0;28,6;0,0000;0;150,0;-0,5;0,7;150,0;-0,5;0,7;0;0;0;0;0;0;0;0;0;0;0;0;0;0;0;0;0;0;194;242;255;255;220;7;0;0;146;6;0;0;5;0;6;0;9;1;0;0;0;0;0;0;0;0;0;0;0;0;0;0;0;0;2;0;0x09;
1747816932;21.05.2025 08:42:12;00;10;0,0;0,0;28,6;0,0000;0;150,0;-0,7;0,8;150,0;-0,7;0,8;0;0;0;0;0;0;0;0;0;0;0;0;0;0;0;0;0;0;194;242;255;255;219;7;0;0;146;6;0;0;5;0;5;0;8;1;0;0;0;0;0;0;0;0;0;0;0;0;0;0;0;0;2;0;0x09;
1747816953;21.05.2025 08:42:33;00;10;0,0;0,0;28,6;0,0000;0;150,0;-0,7;0,5;150,0;-0,7;0,5;0;0;0;0;0;0;0;0;0;0;0;0;0;0;0;0;0;0;195;242;255;255;218;7;0;0;143;6;0;0;0;0;1;0;5;1;0;0;0;0;0;0;0;0;0;0;0;0;0;0;0;0;2;0;0x09;
1747816973;21.05.2025 08:42:53;00;10;0,0;0,0;28,6;0,0000;0;150,0;-0,6;0,8;150,0;-0,6;0,8;0;0;0;0;0;0;0;0;0;0;0;0;0;0;0;0;0;0;199;242;255;255;217;7;0;0;141;6;0;0;4;0;5;0;9;1;0;0;0;0;0;0;0;0;0;0;0;0;0;0;0;0;2;0;0x09;
1747816993;21.05.2025 08:43:13;00;10;0,0;0,0;28,6;0,0000;0;150,0;-0,7;0,7;150,0;-0,7;0,7;0;0;0;0;0;0;0;0;0;0;0;0;0;0;0;0;0;0;197;242;255;255;219;7;0;0;143;6;0;0;3;0;3;0;7;1;0;0;0;0;0;0;0;0;0;0;0;0;0;0;0;0;2;0;0x09;
1747817013;21.05.2025 08:43:33;00;10;0,0;0,0;28,6;0,0000;0;150,0;-0,8;0,7;150,0;-0,8;0,7;0;0;0;0;0;0;0;0;0;0;0;0;0;0;0;0;0;0;206;242;255;255;212;7;0;0;150;6;0;0;5;0;4;0;9;1;0;0;0;0;0;0;0;0;0;0;0;0;0;0;0;0;2;0;0x09;
1747817033;21.05.2025 08:43:53;00;10;0,0;0,0;28,6;0,0000;0;150,0;-0,6;0,7;150,0;-0,6;0,7;0;0;0;0;0;0;0;0;0;0;0;0;0;0;0;0;0;0;205;242;255;255;215;7;0;0;148;6;0;0;0;0;0;0;5;1;0;0;0;0;0;0;0;0;0;0;0;0;0;0;0;0;2;0;0x09;
1747817038;21.05.2025 08:43:58;00;10;0,0;0,0;28,6;0,0000;0;150,0;-0,4;0,4;150,0;-0,4;0,4;0;0;0;0;0;0;0;0;0;0;0;0;0;0;0;0;0;0;205;242;255;255;214;7;0;0;149;6;0;0;0;0;1;0;5;1;0;0;0;0;0;0;0;0;0;0;0;0;0;0;0;0;2;0;0x09;
1747817048;21.05.2025 08:44:08;00;20;0,0;0,0;28,6;0,0000;0;150,0;-0,4;0,4;150,0;-0,4;0,4;0;0;0;0;0;0;0;0;0;0;0;0;0;0;0;0;0;0;205;242;255;255;214;7;0;0;149;6;0;0;0;0;1;0;5;1;0;0;0;0;0;0;0;0;0;0;0;0;0;0;0;0;2;0;0x09;
1747817069;21.05.2025 08:44:29;00;20;0,0;0,0;28,6;0,0000;0;150,0;-0,6;0,7;150,0;-0,6;0,7;0;0;0;0;0;0;0;0;0;0;0;0;0;0;0;0;0;0;205;242;255;255;215;7;0;0;150;6;0;0;1;0;1;0;6;1;0;0;0;0;0;0;0;0;0;0;0;0;0;0;0;0;2;0;0x09;
1747817089;21.05.2025 08:44:49;00;20;0,0;0,0;28,6;0,0000;0;150,0;-0,7;0,6;150,0;-0,7;0,6;0;0;0;0;0;0;0;0;0;0;0;0;0;0;0;0;0;0;205;242;255;255;215;7;0;0;150;6;0;0;1;0;1;0;6;1;0;0;0;0;0;0;0;0;0;0;0;0;0;0;0;0;2;0;0x09;
1747817109;21.05.2025 08:45:09;00;20;0,0;0,0;28,6;0,0000;0;152,0;-0,7;1,1;152,0;-0,7;1,1;0;0;0;0;0;0;0;0;0;0;0;0;0;0;0;0;0;0;155;242;255;255;45;7;0;0;148;6;0;0;5;0;8;0;9;1;0;0;0;0;0;0;0;0;0;0;0;0;0;0;0;0;2;0;0x09;
1747817129;21.05.2025 08:45:29;00;20;0,0;0,0;28,6;0,0000;0;157,0;-0,5;0,8;157,0;-0,5;0,8;0;0;0;0;0;0;0;0;0;0;0;0;0;0;0;0;0;0;219;242;255;255;200;5;0;0;153;6;0;0;0;0;255;255;4;1;0;0;0;0;0;0;0;0;0;0;0;0;0;0;0;0;2;0;0x09;
1747817149;21.05.2025 08:45:49;00;20;0,0;0,0;28,6;0,0000;0;159,0;-0,4;0,6;159,0;-0,4;0,6;0;0;0;0;0;0;0;0;0;0;0;0;0;0;0;0;0;0;225;243;255;255;191;4;0;0;167;6;0;0;5;0;6;0;7;1;0;0;0;0;0;0;0;0;0;0;0;0;0;0;0;0;2;0;0x09;
1747817169;21.05.2025 08:46:09;00;20;0,0;0,0;28,6;0,0000;0;158,0;-0,3;0,4;158,0;-0,3;0,4;0;0;0;0;0;0;0;0;0;0;0;0;0;0;0;0;0;0;87;245;255;255;104;4;0;0;164;6;0;0;0;0;2;0;6;1;0;0;0;0;0;0;0;0;0;0;0;0;0;0;0;0;2;0;0x09;
1747817174;21.05.2025 08:46:14;00;20;0,0;0,0;28,6;0,0000;0;153,0;-0,2;0,5;153,0;-0,2;0,5;0;0;0;0;0;0;0;0;0;0;0;0;0;0;0;0;0;0;187;246;255;255;219;4;0;0;208;6;0;0;0;0;1;0;5;1;0;0;0;0;0;0;0;0;0;0;0;0;0;0;0;0;2;0;0x09;
1747817185;21.05.2025 08:46:25;00;21;0,0;0,0;28,6;0,0000;0;153,0;-0,2;0,5;153,0;-0,2;0,5;0;0;0;0;0;0;0;0;0;0;0;0;0;0;0;0;0;0;187;246;255;255;219;4;0;0;208;6;0;0;0;0;1;0;5;1;0;0;0;0;0;0;0;0;0;0;0;0;0;0;0;0;2;0;0x09;
1747817205;21.05.2025 08:46:45;01;21;0,0;0,0;28,6;0,0000;0;153,0;-0,2;0,5;153,0;-0,2;0,5;0;0;0;0;0;0;0;0;0;0;0;0;0;0;0;0;0;0;187;246;255;255;219;4;0;0;208;6;0;0;0;0;1;0;5;1;0;0;0;0;0;0;0;0;0;0;0;0;0;0;0;0;2;0;0x09;
1747817225;21.05.2025 08:47:05;01;21;0,0;0,0;28,6;0,0000;0;153,0;-0,2;0,5;153,0;-0,2;0,5;0;0;0;0;0;0;0;0;0;0;0;0;0;0;0;0;0;0;187;246;255;255;219;4;0;0;208;6;0;0;0;0;1;0;5;1;0;0;0;0;0;0;0;0;0;0;0;0;0;0;0;0;2;0;0x09;
1747817245;21.05.2025 08:47:25;01;21;0,0;0,0;28,6;0,0000;0;153,0;-0,2;0,5;153,0;-0,2;0,5;0;0;0;0;0;0;0;0;0;0;0;0;0;0;0;0;0;0;187;246;255;255;219;4;0;0;208;6;0;0;0;0;1;0;5;1;0;0;0;0;0;0;0;0;0;0;0;0;0;0;0;0;2;0;0x09;
1747817265;21.05.2025 08:47:45;01;21;0,0;0,0;28,6;0,0000;0;153,0;-0,2;0,5;153,0;-0,2;0,5;0;0;0;0;0;0;0;0;0;0;0;0;0;0;0;0;0;0;187;246;255;255;219;4;0;0;208;6;0;0;0;0;1;0;5;1;0;0;0;0;0;0;0;0;0;0;0;0;0;0;0;0;2;0;0x09;
1747817285;21.05.2025 08:48:05;01;21;0,0;0,0;28,6;0,0000;0;153,0;-0,2;0,5;153,0;-0,2;0,5;0;0;0;0;0;0;0;0;0;0;0;0;0;0;0;0;0;0;187;246;255;255;219;4;0;0;208;6;0;0;0;0;1;0;5;1;0;0;0;0;0;0;0;0;0;0;0;0;0;0;0;0;2;0;0x09;
1747817305;21.05.2025 08:48:25;01;21;0,0;0,0;28,6;0,0000;0;153,0;-0,2;0,5;153,0;-0,2;0,5;0;0;0;0;0;0;0;0;0;0;0;0;0;0;0;0;0;0;187;246;255;255;219;4;0;0;208;6;0;0;0;0;1;0;5;1;0;0;0;0;0;0;0;0;0;0;0;0;0;0;0;0;2;0;0x09;
1747817325;21.05.2025 08:48:45;01;21;0,0;0,0;28,6;0,0000;0;153,0;-0,2;0,5;153,0;-0,2;0,5;0;0;0;0;0;0;0;0;0;0;0;0;0;0;0;0;0;0;187;246;255;255;219;4;0;0;208;6;0;0;0;0;1;0;5;1;0;0;0;0;0;0;0;0;0;0;0;0;0;0;0;0;2;0;0x09;
1747817345;21.05.2025 08:49:05;01;21;0,0;0,0;28,6;0,0000;0;153,0;-0,2;0,5;153,0;-0,2;0,5;0;0;0;0;0;0;0;0;0;0;0;0;0;0;0;0;0;0;187;246;255;255;219;4;0;0;208;6;0;0;0;0;1;0;5;1;0;0;0;0;0;0;0;0;0;0;0;0;0;0;0;0;2;0;0x09;
1747817365;21.05.2025 08:49:25;01;21;0,0;0,0;28,6;0,0000;0;153,0;-0,2;0,5;153,0;-0,2;0,5;0;0;0;0;0;0;0;0;0;0;0;0;0;0;0;0;0;0;187;246;255;255;219;4;0;0;208;6;0;0;0;0;1;0;5;1;0;0;0;0;0;0;0;0;0;0;0;0;0;0;0;0;2;0;0x09;
1747817385;21.05.2025 08:49:45;01;21;0,0;0,0;28,6;0,0000;0;153,0;-0,2;0,5;153,0;-0,2;0,5;0;0;0;0;0;0;0;0;0;0;0;0;0;0;0;0;0;0;187;246;255;255;219;4;0;0;208;6;0;0;0;0;1;0;5;1;0;0;0;0;0;0;0;0;0;0;0;0;0;0;0;0;2;0;0x09;
1747817405;21.05.2025 08:50:05;01;21;0,0;0,0;28,6;0,0000;0;153,0;-0,2;0,5;153,0;-0,2;0,5;0;0;0;0;0;0;0;0;0;0;0;0;0;0;0;0;0;0;187;246;255;255;219;4;0;0;208;6;0;0;0;0;1;0;5;1;0;0;0;0;0;0;0;0;0;0;0;0;0;0;0;0;2;0;0x09;
1747817425;21.05.2025 08:50:25;01;21;0,0;0,0;28,6;0,0000;0;153,0;-0,2;0,5;153,0;-0,2;0,5;0;0;0;0;0;0;0;0;0;0;0;0;0;0;0;0;0;0;187;246;255;255;219;4;0;0;208;6;0;0;0;0;1;0;5;1;0;0;0;0;0;0;0;0;0;0;0;0;0;0;0;0;2;0;0x09;
1747817445;21.05.2025 08:50:45;01;21;0,0;0,0;28,6;0,0000;0;153,0;-0,2;0,5;153,0;-0,2;0,5;0;0;0;0;0;0;0;0;0;0;0;0;0;0;0;0;0;0;187;246;255;255;219;4;0;0;208;6;0;0;0;0;1;0;5;1;0;0;0;0;0;0;0;0;0;0;0;0;0;0;0;0;2;0;0x09;
1747817466;21.05.2025 08:51:06;01;21;0,0;0,0;28,6;0,0000;0;153,0;-0,2;0,5;153,0;-0,2;0,5;0;0;0;0;0;0;0;0;0;0;0;0;0;0;0;0;0;0;187;246;255;255;219;4;0;0;208;6;0;0;0;0;1;0;5;1;0;0;0;0;0;0;0;0;0;0;0;0;0;0;0;0;2;0;0x09;
1747817486;21.05.2025 08:51:26;01;21;0,0;0,0;28,6;0,0000;0;153,0;-0,2;0,5;153,0;-0,2;0,5;0;0;0;0;0;0;0;0;0;0;0;0;0;0;0;0;0;0;187;246;255;255;219;4;0;0;208;6;0;0;0;0;1;0;5;1;0;0;0;0;0;0;0;0;0;0;0;0;0;0;0;0;2;0;0x09;
1747817507;21.05.2025 08:51:47;01;21;0,0;0,0;28,6;0,0000;0;153,0;-0,2;0,5;153,0;-0,2;0,5;0;0;0;0;0;0;0;0;0;0;0;0;0;0;0;0;0;0;187;246;255;255;219;4;0;0;208;6;0;0;0;0;1;0;5;1;0;0;0;0;0;0;0;0;0;0;0;0;0;0;0;0;2;0;0x09;
1747817527;21.05.2025 08:52:07;01;21;0,0;0,0;28,6;0,0000;0;153,0;-0,2;0,5;153,0;-0,2;0,5;0;0;0;0;0;0;0;0;0;0;0;0;0;0;0;0;0;0;187;246;255;255;219;4;0;0;208;6;0;0;0;0;1;0;5;1;0;0;0;0;0;0;0;0;0;0;0;0;0;0;0;0;2;0;0x09;
1747817547;21.05.2025 08:52:27;01;21;0,0;0,0;28,6;0,0000;0;153,0;-0,2;0,5;153,0;-0,2;0,5;0;0;0;0;0;0;0;0;0;0;0;0;0;0;0;0;0;0;187;246;255;255;219;4;0;0;208;6;0;0;0;0;1;0;5;1;0;0;0;0;0;0;0;0;0;0;0;0;0;0;0;0;2;0;0x09;
1747817552;21.05.2025 08:52:32;01;21;0,0;0,0;28,6;0,0000;0;153,0;-0,2;0,5;153,0;-0,2;0,5;0;0;0;0;0;0;0;0;0;0;0;0;0;0;0;0;0;0;187;246;255;255;219;4;0;0;208;6;0;0;0;0;1;0;5;1;0;0;0;0;0;0;0;0;0;0;0;0;0;0;0;0;2;0;0x09;
1747817562;21.05.2025 08:52:42;00;22;0,0;0,0;28,6;0,0000;0;153,0;-0,2;0,5;153,0;-0,2;0,5;0;0;0;0;0;0;0;0;0;0;0;0;0;0;0;0;0;0;187;246;255;255;219;4;0;0;208;6;0;0;0;0;1;0;5;1;0;0;0;0;0;0;0;0;0;0;0;0;0;0;0;0;2;0;0x09;
1747817582;21.05.2025 08:53:02;00;22;0,0;0,0;28,6;0,0000;0;266,0;-0,2;0,5;266,0;-0,2;0,5;0;0;0;0;0;0;0;0;0;0;0;0;0;0;0;0;0;0;220;255;255;255;144;253;255;255;189;6;0;0;0;0;2;0;5;1;45;245;255;255;214;6;0;0;0;0;0;0;0;0;0;0;2;0;0x09;
1747817602;21.05.2025 08:53:22;00;22;0,0;0,0;28,6;0,0000;0;301,0;-0,2;0,3;301,0;-0,2;0,3;0;0;0;0;0;0;0;0;0;0;0;0;0;0;0;0;0;0;78;1;0;0;227;253;255;255;204;6;0;0;0;0;0;0;5;1;45;245;255;255;214;6;0;0;0;0;0;0;0;0;0;0;2;0;0x09;
1747817623;21.05.2025 08:53:43;00;22;0,0;0,0;28,6;0,0000;0;334,0;-0,3;0,2;334,0;-0,3;0,2;0;0;0;0;0;0;0;0;0;0;0;0;0;0;0;0;0;0;82;2;0;0;231;254;255;255;222;6;0;0;3;0;0;0;6;1;45;245;255;255;214;6;0;0;0;0;0;0;0;0;0;0;2;0;0x09;
1747817643;21.05.2025 08:54:03;00;22;0,0;0,0;28,6;0,0000;0;8,0;-0,6;0,3;8,0;-0,6;0,3;0;0;0;0;0;0;0;0;0;0;0;0;0;0;0;0;0;0;139;2;0;0;95;0;0;0;218;6;0;0;0;0;254;255;3;1;45;245;255;255;214;6;0;0;0;0;0;0;0;0;0;0;2;0;0x09;
1747817663;21.05.2025 08:54:23;00;22;0,0;0,0;28,6;0,0000;0;45,0;-0,7;0,5;45,0;-0,7;0,5;0;0;0;0;0;0;0;0;0;0;0;0;0;0;0;0;0;0;199;1;0;0;186;1;0;0;205;6;0;0;3;0;1;0;3;1;45;245;255;255;214;6;0;0;0;0;0;0;0;0;0;0;2;0;0x09;
1747817683;21.05.2025 08:54:43;00;22;0,0;0,0;28,6;0,0000;0;85,0;-0,9;0,4;85,0;-0,9;0,4;0;0;0;0;0;0;0;0;0;0;0;0;0;0;0;0;0;0;81;0;0;0;110;2;0;0;182;6;0;0;4;0;3;0;5;1;45;245;255;255;214;6;0;0;0;0;0;0;0;0;0;0;2;0;0x09;
1747817703;21.05.2025 08:55:03;00;22;0,0;0,0;28,6;0,0000;0;122,0;-0,6;0,5;122,0;-0,6;0,5;0;0;0;0;0;0;0;0;0;0;0;0;0;0;0;0;0;0;192;254;255;255;44;2;0;0;165;6;0;0;0;0;0;0;3;1;45;245;255;255;214;6;0;0;0;0;0;0;0;0;0;0;2;0;0x09;
1747817723;21.05.2025 08:55:23;00;22;0,0;0,0;28,6;0,0000;0;157,0;-0,7;0,9;157,0;-0,7;0,9;0;0;0;0;0;0;0;0;0;0;0;0;0;0;0;0;0;0;173;253;255;255;33;1;0;0;152;6;0;0;0;0;0;0;5;1;45;245;255;255;214;6;0;0;0;0;0;0;0;0;0;0;2;0;0x09;
1747817743;21.05.2025 08:55:43;00;22;0,0;0,0;28,6;0,0000;0;189,0;-0,7;0,8;189,0;-0,7;0,8;0;0;0;0;0;0;0;0;0;0;0;0;0;0;0;0;0;0;109;253;255;255;179;255;255;255;152;6;0;0;3;0;0;0;7;1;45;245;255;255;214;6;0;0;0;0;0;0;0;0;0;0;2;0;0x09;
1747817763;21.05.2025 08:56:03;00;22;0,0;0,0;28,6;0,0000;0;200,0;-0,2;0,6;200,0;-0,2;0,6;0;0;0;0;0;0;0;0;0;0;0;0;0;0;0;0;0;0;146;253;255;255;46;255;255;255;160;6;0;0;4;0;6;0;6;1;45;245;255;255;214;6;0;0;0;0;0;0;0;0;0;0;2;0;0x09;
1747817783;21.05.2025 08:56:23;00;22;0,0;0,0;28,6;0,0000;0;200,0;-0,6;0,8;200,0;-0,6;0,8;0;0;0;0;0;0;0;0;0;0;0;0;0;0;0;0;0;0;146;253;255;255;46;255;255;255;156;6;0;0;3;0;4;0;8;1;45;245;255;255;214;6;0;0;0;0;0;0;0;0;0;0;2;0;0x09;
1747817803;21.05.2025 08:56:43;00;22;0,0;0,0;28,6;0,0000;0;200,0;-0,3;0,7;200,0;-0,3;0,7;0;0;0;0;0;0;0;0;0;0;0;0;0;0;0;0;0;0;149;253;255;255;48;255;255;255;156;6;0;0;0;0;2;0;5;1;45;245;255;255;214;6;0;0;0;0;0;0;0;0;0;0;2;0;0x09;
1747817823;21.05.2025 08:57:03;00;22;0,0;0,0;28,6;0,0000;0;200,0;-0,5;0,6;200,0;-0,5;0,6;0;0;0;0;0;0;0;0;0;0;0;0;0;0;0;0;0;0;150;253;255;255;47;255;255;255;157;6;0;0;0;0;0;0;4;1;45;245;255;255;214;6;0;0;0;0;0;0;0;0;0;0;2;0;0x09;
1747817843;21.05.2025 08:57:23;00;22;0,0;0,0;28,6;0,0000;0;200,0;-0,3;0,8;200,0;-0,3;0,8;0;0;0;0;0;0;0;0;0;0;0;0;0;0;0;0;0;0;145;253;255;255;50;255;255;255;162;6;0;0;0;0;2;0;5;1;45;245;255;255;214;6;0;0;0;0;0;0;0;0;0;0;2;0;0x09;
1747817863;21.05.2025 08:57:43;00;22;0,0;0,0;28,6;0,0000;0;200,0;-0,5;0,8;200,0;-0,5;0,8;0;0;0;0;0;0;0;0;0;0;0;0;0;0;0;0;0;0;145;253;255;255;47;255;255;255;160;6;0;0;4;0;4;0;7;1;45;245;255;255;214;6;0;0;0;0;0;0;0;0;0;0;2;0;0x09;
1747817883;21.05.2025 08:58:03;00;22;0,0;0,0;28,6;0,0000;0;200,0;-0,3;0,6;200,0;-0,3;0,6;0;0;0;0;0;0;0;0;0;0;0;0;0;0;0;0;0;0;143;253;255;255;46;255;255;255;160;6;0;0;4;0;5;0;9;1;45;245;255;255;214;6;0;0;0;0;0;0;0;0;0;0;2;0;0x09;
1747817903;21.05.2025 08:58:23;00;22;0,0;0,0;28,6;0,0000;0;200,0;-0,2;0,6;200,0;-0,2;0,6;0;0;0;0;0;0;0;0;0;0;0;0;0;0;0;0;0;0;144;253;255;255;45;255;255;255;155;6;0;0;4;0;4;0;7;1;45;245;255;255;214;6;0;0;0;0;0;0;0;0;0;0;2;0;0x09;
1747817924;21.05.2025 08:58:44;00;22;0,0;0,0;28,6;0,0000;0;200,0;-0,4;0,6;200,0;-0,4;0,6;0;0;0;0;0;0;0;0;0;0;0;0;0;0;0;0;0;0;141;253;255;255;43;255;255;255;161;6;0;0;4;0;5;0;9;1;45;245;255;255;214;6;0;0;0;0;0;0;0;0;0;0;2;0;0x09;
1747817944;21.05.2025 08:59:04;00;22;0,0;0,0;28,6;0,0000;0;200,0;-0,2;0,7;200,0;-0,2;0,7;0;0;0;0;0;0;0;0;0;0;0;0;0;0;0;0;0;0;143;253;255;255;43;255;255;255;161;6;0;0;3;0;7;0;7;1;45;245;255;255;214;6;0;0;0;0;0;0;0;0;0;0;2;0;0x09;
1747817964;21.05.2025 08:59:24;00;22;0,0;0,0;28,6;0,0000;0;200,0;-0,4;0,5;200,0;-0,4;0,5;0;0;0;0;0;0;0;0;0;0;0;0;0;0;0;0;0;0;144;253;255;255;43;255;255;255;159;6;0;0;0;0;1;0;5;1;45;245;255;255;214;6;0;0;0;0;0;0;0;0;0;0;2;0;0x09;
1747817985;21.05.2025 08:59:45;00;22;0,0;0,0;28,6;0,0000;0;200,0;-0,3;0,7;200,0;-0,3;0,7;0;0;0;0;0;0;0;0;0;0;0;0;0;0;0;0;0;0;146;253;255;255;45;255;255;255;160;6;0;0;0;0;0;0;4;1;45;245;255;255;214;6;0;0;0;0;0;0;0;0;0;0;2;0;0x09;
1747818005;21.05.2025 09:00:05;00;22;0,0;0,0;28,6;0,0000;0;200,0;-0,4;0,8;200,0;-0,4;0,8;0;0;0;0;0;0;0;0;0;0;0;0;0;0;0;0;0;0;145;253;255;255;46;255;255;255;160;6;0;0;3;0;4;0;9;1;45;245;255;255;214;6;0;0;0;0;0;0;0;0;0;0;2;0;0x09;
1747818025;21.05.2025 09:00:25;00;22;0,0;0,0;28,6;0,0000;0;200,0;-0,4;0,5;200,0;-0,4;0,5;0;0;0;0;0;0;0;0;0;0;0;0;0;0;0;0;0;0;148;253;255;255;48;255;255;255;159;6;0;0;3;0;4;0;9;1;45;245;255;255;214;6;0;0;0;0;0;0;0;0;0;0;2;0;0x09;
1747818045;21.05.2025 09:00:45;00;22;0,0;0,0;28,6;0,0000;0;200,0;-0,3;0,6;200,0;-0,3;0,6;0;0;0;0;0;0;0;0;0;0;0;0;0;0;0;0;0;0;148;253;255;255;48;255;255;255;153;6;0;0;0;0;2;0;4;1;45;245;255;255;214;6;0;0;0;0;0;0;0;0;0;0;2;0;0x09;
1747818065;21.05.2025 09:01:05;00;22;0,0;0,0;28,6;0,0000;0;200,0;-0,3;0,7;200,0;-0,3;0,7;0;0;0;0;0;0;0;0;0;0;0;0;0;0;0;0;0;0;149;253;255;255;48;255;255;255;149;6;0;0;0;0;0;0;4;1;45;245;255;255;214;6;0;0;0;0;0;0;0;0;0;0;2;0;0x09;
1747818085;21.05.2025 09:01:25;00;22;0,0;0,0;28,6;0,0000;0;200,0;-0,2;0,6;200,0;-0,2;0,6;0;0;0;0;0;0;0;0;0;0;0;0;0;0;0;0;0;0;146;253;255;255;46;255;255;255;158;6;0;0;5;0;4;0;7;1;45;245;255;255;214;6;0;0;0;0;0;0;0;0;0;0;2;0;0x09;
1747818105;21.05.2025 09:01:45;00;22;0,0;0,0;28,6;0,0000;0;200,0;-0,4;0,6;200,0;-0,4;0,6;0;0;0;0;0;0;0;0;0;0;0;0;0;0;0;0;0;0;147;253;255;255;46;255;255;255;157;6;0;0;0;0;1;0;5;1;45;245;255;255;214;6;0;0;0;0;0;0;0;0;0;0;2;0;0x09;
1747818125;21.05.2025 09:02:05;00;22;0,0;0,0;28,6;0,0000;0;200,0;-0,3;0,6;200,0;-0,3;0,6;0;0;0;0;0;0;0;0;0;0;0;0;0;0;0;0;0;0;148;253;255;255;44;255;255;255;151;6;0;0;4;0;6;0;9;1;45;245;255;255;214;6;0;0;0;0;0;0;0;0;0;0;2;0;0x09;
1747818145;21.05.2025 09:02:25;00;22;0,0;0,0;28,6;0,0000;0;201,0;-0,6;0,9;201,0;-0,6;0,9;0;0;0;0;0;0;0;0;0;0;0;0;0;0;0;0;0;0;148;253;255;255;44;255;255;255;158;6;0;0;4;0;5;0;7;1;45;245;255;255;214;6;0;0;0;0;0;0;0;0;0;0;2;0;0x09;
1747818165;21.05.2025 09:02:45;00;22;0,0;0,0;28,6;0,0000;0;200,0;-0,3;0,6;200,0;-0,3;0,6;0;0;0;0;0;0;0;0;0;0;0;0;0;0;0;0;0;0;150;253;255;255;46;255;255;255;154;6;0;0;0;0;0;0;5;1;45;245;255;255;214;6;0;0;0;0;0;0;0;0;0;0;2;0;0x09;
1747818185;21.05.2025 09:03:05;00;22;0,0;0,0;28,6;0,0000;0;200,0;-0,4;0,6;200,0;-0,4;0,6;0;0;0;0;0;0;0;0;0;0;0;0;0;0;0;0;0;0;149;253;255;255;47;255;255;255;156;6;0;0;4;0;6;0;8;1;45;245;255;255;214;6;0;0;0;0;0;0;0;0;0;0;2;0;0x09;
1747818205;21.05.2025 09:03:25;00;22;0,0;0,0;28,6;0,0000;0;200,0;-0,3;0,6;200,0;-0,3;0,6;0;0;0;0;0;0;0;0;0;0;0;0;0;0;0;0;0;0;149;253;255;255;48;255;255;255;154;6;0;0;3;0;6;0;8;1;45;245;255;255;214;6;0;0;0;0;0;0;0;0;0;0;2;0;0x09;
1747818226;21.05.2025 09:03:46;00;22;0,0;0,0;28,6;0,0000;0;200,0;-0,5;0,6;200,0;-0,5;0,6;0;0;0;0;0;0;0;0;0;0;0;0;0;0;0;0;0;0;149;253;255;255;49;255;255;255;157;6;0;0;0;0;1;0;5;1;45;245;255;255;214;6;0;0;0;0;0;0;0;0;0;0;2;0;0x09;
1747818246;21.05.2025 09:04:06;00;22;0,0;0,0;28,6;0,0000;0;200,0;-0,2;0,6;200,0;-0,2;0,6;0;0;0;0;0;0;0;0;0;0;0;0;0;0;0;0;0;0;146;253;255;255;47;255;255;255;158;6;0;0;0;0;0;0;5;1;45;245;255;255;214;6;0;0;0;0;0;0;0;0;0;0;2;0;0x09;
1747818266;21.05.2025 09:04:26;00;22;0,0;0,0;28,6;0,0000;0;200,0;-0,4;0,7;200,0;-0,4;0,7;0;0;0;0;0;0;0;0;0;0;0;0;0;0;0;0;0;0;147;253;255;255;47;255;255;255;157;6;0;0;4;0;5;0;9;1;45;245;255;255;214;6;0;0;0;0;0;0;0;0;0;0;2;0;0x09;
1747818286;21.05.2025 09:04:46;00;22;0,0;0,0;28,6;0,0000;0;200,0;-0,5;0,8;200,0;-0,5;0,8;0;0;0;0;0;0;0;0;0;0;0;0;0;0;0;0;0;0;144;253;255;255;44;255;255;255;157;6;0;0;3;0;4;0;9;1;45;245;255;255;214;6;0;0;0;0;0;0;0;0;0;0;2;0;0x09;
1747818306;21.05.2025 09:05:06;00;22;0,0;0,0;28,6;0,0000;0;200,0;-0,3;0,5;200,0;-0,3;0,5;0;0;0;0;0;0;0;0;0;0;0;0;0;0;0;0;0;0;146;253;255;255;43;255;255;255;159;6;0;0;4;0;5;0;8;1;45;245;255;255;214;6;0;0;0;0;0;0;0;0;0;0;2;0;0x09;
1747818326;21.05.2025 09:05:26;00;22;0,0;0,0;28,6;0,0000;0;200,0;-0,3;0,7;200,0;-0,3;0,7;0;0;0;0;0;0;0;0;0;0;0;0;0;0;0;0;0;0;148;253;255;255;44;255;255;255;157;6;0;0;4;0;3;0;7;1;45;245;255;255;214;6;0;0;0;0;0;0;0;0;0;0;2;0;0x09;
1747818346;21.05.2025 09:05:46;00;22;0,0;0,0;28,6;0,0000;0;200,0;-0,6;0,8;200,0;-0,6;0,8;0;0;0;0;0;0;0;0;0;0;0;0;0;0;0;0;0;0;150;253;255;255;46;255;255;255;150;6;0;0;3;0;5;0;6;1;45;245;255;255;214;6;0;0;0;0;0;0;0;0;0;0;2;0;0x09;
1747818366;21.05.2025 09:06:06;00;22;0,0;0,0;28,6;0,0000;0;200,0;-0,6;0,8;200,0;-0,6;0,8;0;0;0;0;0;0;0;0;0;0;0;0;0;0;0;0;0;0;149;253;255;255;47;255;255;255;151;6;0;0;3;0;4;0;9;1;45;245;255;255;214;6;0;0;0;0;0;0;0;0;0;0;2;0;0x09;
1747818386;21.05.2025 09:06:26;00;22;0,0;0,0;28,6;0,0000;0;200,0;-0,2;0,7;200,0;-0,2;0,7;0;0;0;0;0;0;0;0;0;0;0;0;0;0;0;0;0;0;149;253;255;255;47;255;255;255;158;6;0;0;4;0;6;0;9;1;45;245;255;255;214;6;0;0;0;0;0;0;0;0;0;0;2;0;0x09;
1747818407;21.05.2025 09:06:47;00;22;0,0;0,0;28,6;0,0000;0;200,0;-0,4;0,7;200,0;-0,4;0,7;0;0;0;0;0;0;0;0;0;0;0;0;0;0;0;0;0;0;149;253;255;255;49;255;255;255;158;6;0;0;3;0;5;0;9;1;45;245;255;255;214;6;0;0;0;0;0;0;0;0;0;0;2;0;0x09;
1747818427;21.05.2025 09:07:07;00;22;0,0;0,0;28,6;0,0000;0;200,0;-0,6;0,8;200,0;-0,6;0,8;0;0;0;0;0;0;0;0;0;0;0;0;0;0;0;0;0;0;147;253;255;255;50;255;255;255;154;6;0;0;5;0;5;0;7;1;45;245;255;255;214;6;0;0;0;0;0;0;0;0;0;0;2;0;0x09;
1747818447;21.05.2025 09:07:27;00;22;0,0;0,0;28,6;0,0000;0;200,0;-0,2;0,7;200,0;-0,2;0,7;0;0;0;0;0;0;0;0;0;0;0;0;0;0;0;0;0;0;146;253;255;255;46;255;255;255;155;6;0;0;0;0;1;0;4;1;45;245;255;255;214;6;0;0;0;0;0;0;0;0;0;0;2;0;0x09;
1747818467;21.05.2025 09:07:47;00;22;0,0;0,0;28,6;0,0000;0;200,0;-0,4;0,6;200,0;-0,4;0,6;0;0;0;0;0;0;0;0;0;0;0;0;0;0;0;0;0;0;147;253;255;255;46;255;255;255;159;6;0;0;5;0;4;0;9;1;45;245;255;255;214;6;0;0;0;0;0;0;0;0;0;0;2;0;0x09;
1747818487;21.05.2025 09:08:07;00;22;0,0;0,0;28,6;0,0000;0;200,0;-0,5;0,7;200,0;-0,5;0,7;0;0;0;0;0;0;0;0;0;0;0;0;0;0;0;0;0;0;147;253;255;255;45;255;255;255;155;6;0;0;1;0;1;0;3;1;45;245;255;255;214;6;0;0;0;0;0;0;0;0;0;0;2;0;0x09;
1747818508;21.05.2025 09:08:28;00;22;0,0;0,0;28,6;0,0000;0;200,0;-0,7;0,8;200,0;-0,7;0,8;0;0;0;0;0;0;0;0;0;0;0;0;0;0;0;0;0;0;146;253;255;255;44;255;255;255;158;6;0;0;4;0;5;0;8;1;45;245;255;255;214;6;0;0;0;0;0;0;0;0;0;0;2;0;0x09;
1747818528;21.05.2025 09:08:48;00;22;0,0;0,0;28,6;0,0000;0;200,0;-0,5;0,6;200,0;-0,5;0,6;0;0;0;0;0;0;0;0;0;0;0;0;0;0;0;0;0;0;150;253;255;255;44;255;255;255;156;6;0;0;0;0;1;0;5;1;45;245;255;255;214;6;0;0;0;0;0;0;0;0;0;0;2;0;0x09;
1747818548;21.05.2025 09:09:08;00;22;0,0;0,0;28,6;0,0000;0;200,0;-0,6;0,8;200,0;-0,6;0,8;0;0;0;0;0;0;0;0;0;0;0;0;0;0;0;0;0;0;148;253;255;255;48;255;255;255;157;6;0;0;3;0;6;0;7;1;45;245;255;255;214;6;0;0;0;0;0;0;0;0;0;0;2;0;0x09;
1747818568;21.05.2025 09:09:28;00;22;0,0;0,0;28,6;0,0000;0;200,0;-0,3;0,6;200,0;-0,3;0,6;0;0;0;0;0;0;0;0;0;0;0;0;0;0;0;0;0;0;148;253;255;255;46;255;255;255;156;6;0;0;0;0;0;0;5;1;45;245;255;255;214;6;0;0;0;0;0;0;0;0;0;0;2;0;0x09;
1747818588;21.05.2025 09:09:48;00;22;0,0;0,0;28,6;0,0000;0;200,0;-0,5;0,8;200,0;-0,5;0,8;0;0;0;0;0;0;0;0;0;0;0;0;0;0;0;0;0;0;149;253;255;255;46;255;255;255;154;6;0;0;3;0;4;0;9;1;45;245;255;255;214;6;0;0;0;0;0;0;0;0;0;0;2;0;0x09;
1747818608;21.05.2025 09:10:08;00;22;0,0;0,0;28,6;0,0000;0;200,0;-0,4;0,6;200,0;-0,4;0,6;0;0;0;0;0;0;0;0;0;0;0;0;0;0;0;0;0;0;148;253;255;255;47;255;255;255;153;6;0;0;0;0;1;0;4;1;45;245;255;255;214;6;0;0;0;0;0;0;0;0;0;0;2;0;0x09;
1747818628;21.05.2025 09:10:28;00;22;0,0;0,0;28,6;0,0000;0;200,0;-0,4;0,7;200,0;-0,4;0,7;0;0;0;0;0;0;0;0;0;0;0;0;0;0;0;0;0;0;146;253;255;255;46;255;255;255;156;6;0;0;2;0;6;0;7;1;45;245;255;255;214;6;0;0;0;0;0;0;0;0;0;0;2;0;0x09;
1747818648;21.05.2025 09:10:48;00;22;0,0;0,0;28,6;0,0000;0;201,0;-0,3;0,8;201,0;-0,3;0,8;0;0;0;0;0;0;0;0;0;0;0;0;0;0;0;0;0;0;145;253;255;255;45;255;255;255;156;6;0;0;4;0;5;0;9;1;45;245;255;255;214;6;0;0;0;0;0;0;0;0;0;0;2;0;0x09;
1747818668;21.05.2025 09:11:08;00;22;0,0;0,0;28,6;0,0000;0;200,0;-0,5;0,6;200,0;-0,5;0,6;0;0;0;0;0;0;0;0;0;0;0;0;0;0;0;0;0;0;144;253;255;255;43;255;255;255;158;6;0;0;3;0;5;0;9;1;45;245;255;255;214;6;0;0;0;0;0;0;0;0;0;0;2;0;0x09;
1747818688;21.05.2025 09:11:28;00;22;0,0;0,0;28,6;0,0000;0;200,0;-0,2;0,5;200,0;-0,2;0,5;0;0;0;0;0;0;0;0;0;0;0;0;0;0;0;0;0;0;145;253;255;255;43;255;255;255;152;6;0;0;4;0;5;0;7;1;45;245;255;255;214;6;0;0;0;0;0;0;0;0;0;0;2;0;0x09;
1747818708;21.05.2025 09:11:48;00;22;0,0;0,0;28,6;0,0000;0;200,0;-0,3;0,7;200,0;-0,3;0,7;0;0;0;0;0;0;0;0;0;0;0;0;0;0;0;0;0;0;147;253;255;255;43;255;255;255;157;6;0;0;0;0;1;0;6;1;45;245;255;255;214;6;0;0;0;0;0;0;0;0;0;0;2;0;0x09;
1747818728;21.05.2025 09:12:08;00;22;0,0;0,0;28,6;0,0000;0;200,0;-0,3;0,6;200,0;-0,3;0,6;0;0;0;0;0;0;0;0;0;0;0;0;0;0;0;0;0;0;149;253;255;255;45;255;255;255;157;6;0;0;0;0;0;0;6;1;45;245;255;255;214;6;0;0;0;0;0;0;0;0;0;0;2;0;0x09;
1747818749;21.05.2025 09:12:29;00;22;0,0;0,0;28,6;0,0000;0;201,0;-0,6;0,9;201,0;-0,6;0,9;0;0;0;0;0;0;0;0;0;0;0;0;0;0;0;0;0;0;149;253;255;255;45;255;255;255;156;6;0;0;4;0;5;0;7;1;45;245;255;255;214;6;0;0;0;0;0;0;0;0;0;0;2;0;0x09;
1747818769;21.05.2025 09:12:49;00;22;0,0;0,0;28,6;0,0000;0;200,0;-0,2;0,7;200,0;-0,2;0,7;0;0;0;0;0;0;0;0;0;0;0;0;0;0;0;0;0;0;149;253;255;255;46;255;255;255;156;6;0;0;4;0;4;0;7;1;45;245;255;255;214;6;0;0;0;0;0;0;0;0;0;0;2;0;0x09;
1747818789;21.05.2025 09:13:09;00;22;0,0;0,0;28,6;0,0000;0;200,0;-0,5;0,6;200,0;-0,5;0,6;0;0;0;0;0;0;0;0;0;0;0;0;0;0;0;0;0;0;148;253;255;255;46;255;255;255;157;6;0;0;0;0;1;0;5;1;45;245;255;255;214;6;0;0;0;0;0;0;0;0;0;0;2;0;0x09;
1747818809;21.05.2025 09:13:29;00;22;0,0;0,0;28,6;0,0000;0;200,0;-0,6;0,8;200,0;-0,6;0,8;0;0;0;0;0;0;0;0;0;0;0;0;0;0;0;0;0;0;146;253;255;255;46;255;255;255;159;6;0;0;4;0;6;0;7;1;45;245;255;255;214;6;0;0;0;0;0;0;0;0;0;0;2;0;0x09;
1747818829;21.05.2025 09:13:49;00;22;0,0;0,0;28,6;0,0000;0;201,0;-0,5;1,0;201,0;-0,5;1,0;0;0;0;0;0;0;0;0;0;0;0;0;0;0;0;0;0;0;146;253;255;255;46;255;255;255;158;6;0;0;4;0;5;0;6;1;45;245;255;255;214;6;0;0;0;0;0;0;0;0;0;0;2;0;0x09;
1747818849;21.05.2025 09:14:09;00;22;0,0;0,0;28,6;0,0000;0;200,0;-0,5;0,8;200,0;-0,5;0,8;0;0;0;0;0;0;0;0;0;0;0;0;0;0;0;0;0;0;145;253;255;255;44;255;255;255;158;6;0;0;3;0;5;0;8;1;45;245;255;255;214;6;0;0;0;0;0;0;0;0;0;0;2;0;0x09;
1747818869;21.05.2025 09:14:29;00;22;0,0;0,0;28,6;0,0000;0;200,0;-0,4;0,4;200,0;-0,4;0,4;0;0;0;0;0;0;0;0;0;0;0;0;0;0;0;0;0;0;145;253;255;255;42;255;255;255;152;6;0;0;5;0;4;0;8;1;45;245;255;255;214;6;0;0;0;0;0;0;0;0;0;0;2;0;0x09;
1747818890;21.05.2025 09:14:50;00;22;0,0;0,0;28,6;0,0000;0;200,0;-0,4;0,6;200,0;-0,4;0,6;0;0;0;0;0;0;0;0;0;0;0;0;0;0;0;0;0;0;147;253;255;255;42;255;255;255;157;6;0;0;4;0;5;0;8;1;45;245;255;255;214;6;0;0;0;0;0;0;0;0;0;0;2;0;0x09;
1747818910;21.05.2025 09:15:10;00;22;0,0;0,0;28,6;0,0000;0;200,0;-0,4;0,6;200,0;-0,4;0,6;0;0;0;0;0;0;0;0;0;0;0;0;0;0;0;0;0;0;149;253;255;255;44;255;255;255;156;6;0;0;0;0;1;0;4;1;45;245;255;255;214;6;0;0;0;0;0;0;0;0;0;0;2;0;0x09;
1747818930;21.05.2025 09:15:30;00;22;0,0;0,0;28,6;0,0000;0;200,0;-0,2;0,7;200,0;-0,2;0,7;0;0;0;0;0;0;0;0;0;0;0;0;0;0;0;0;0;0;147;253;255;255;45;255;255;255;158;6;0;0;3;0;5;0;7;1;45;245;255;255;214;6;0;0;0;0;0;0;0;0;0;0;2;0;0x09;
1747818950;21.05.2025 09:15:50;00;22;0,0;0,0;28,6;0,0000;0;200,0;-0,4;0,6;200,0;-0,4;0,6;0;0;0;0;0;0;0;0;0;0;0;0;0;0;0;0;0;0;148;253;255;255;46;255;255;255;156;6;0;0;3;0;5;0;8;1;45;245;255;255;214;6;0;0;0;0;0;0;0;0;0;0;2;0;0x09;
1747818970;21.05.2025 09:16:10;00;22;0,0;0,0;28,6;0,0000;0;200,0;-0,5;0,8;200,0;-0,5;0,8;0;0;0;0;0;0;0;0;0;0;0;0;0;0;0;0;0;0;149;253;255;255;47;255;255;255;156;6;0;0;4;0;5;0;9;1;45;245;255;255;214;6;0;0;0;0;0;0;0;0;0;0;2;0;0x09;
1747818990;21.05.2025 09:16:30;00;22;0,0;0,0;28,6;0,0000;0;199,0;-0,5;0,4;199,0;-0,5;0,4;0;0;0;0;0;0;0;0;0;0;0;0;0;0;0;0;0;0;146;253;255;255;47;255;255;255;156;6;0;0;4;0;4;0;7;1;45;245;255;255;214;6;0;0;0;0;0;0;0;0;0;0;2;0;0x09;
1747819010;21.05.2025 09:16:50;00;22;0,0;0,0;28,6;0,0000;0;200,0;-0,5;0,6;200,0;-0,5;0,6;0;0;0;0;0;0;0;0;0;0;0;0;0;0;0;0;0;0;147;253;255;255;46;255;255;255;156;6;0;0;0;0;1;0;5;1;45;245;255;255;214;6;0;0;0;0;0;0;0;0;0;0;2;0;0x09;
1747819030;21.05.2025 09:17:10;00;22;0,0;0,0;28,6;0,0000;0;200,0;-0,2;0,7;200,0;-0,2;0,7;0;0;0;0;0;0;0;0;0;0;0;0;0;0;0;0;0;0;145;253;255;255;45;255;255;255;156;6;0;0;4;0;5;0;7;1;45;245;255;255;214;6;0;0;0;0;0;0;0;0;0;0;2;0;0x09;
1747819050;21.05.2025 09:17:30;00;22;0,0;0,0;28,6;0,0000;0;200,0;-0,5;0,8;200,0;-0,5;0,8;0;0;0;0;0;0;0;0;0;0;0;0;0;0;0;0;0;0;149;253;255;255;44;255;255;255;148;6;0;0;3;0;5;0;7;1;45;245;255;255;214;6;0;0;0;0;0;0;0;0;0;0;2;0;0x09;
1747819070;21.05.2025 09:17:50;00;22;0,0;0,0;28,6;0,0000;0;201,0;-0,4;0,8;201,0;-0,4;0,8;0;0;0;0;0;0;0;0;0;0;0;0;0;0;0;0;0;0;149;253;255;255;43;255;255;255;149;6;0;0;5;0;6;0;8;1;45;245;255;255;214;6;0;0;0;0;0;0;0;0;0;0;2;0;0x09;
1747819091;21.05.2025 09:18:11;00;22;0,0;0,0;28,6;0,0000;0;201,0;-0,5;0,8;201,0;-0,5;0,8;0;0;0;0;0;0;0;0;0;0;0;0;0;0;0;0;0;0;146;253;255;255;43;255;255;255;159;6;0;0;4;0;6;0;7;1;45;245;255;255;214;6;0;0;0;0;0;0;0;0;0;0;2;0;0x09;
1747819111;21.05.2025 09:18:31;00;22;0,0;0,0;28,6;0,0000;0;200,0;-0,4;0,4;200,0;-0,4;0,4;0;0;0;0;0;0;0;0;0;0;0;0;0;0;0;0;0;0;148;253;255;255;45;255;255;255;158;6;0;0;0;0;1;0;4;1;45;245;255;255;214;6;0;0;0;0;0;0;0;0;0;0;2;0;0x09;
1747819131;21.05.2025 09:18:51;00;22;0,0;0,0;28,6;0,0000;0;200,0;-0,7;0,7;200,0;-0,7;0,7;0;0;0;0;0;0;0;0;0;0;0;0;0;0;0;0;0;0;150;253;255;255;48;255;255;255;157;6;0;0;5;0;4;0;7;1;45;245;255;255;214;6;0;0;0;0;0;0;0;0;0;0;2;0;0x09;
1747819151;21.05.2025 09:19:11;00;22;0,0;0,0;28,6;0,0000;0;200,0;-0,5;0,9;200,0;-0,5;0,9;0;0;0;0;0;0;0;0;0;0;0;0;0;0;0;0;0;0;151;253;255;255;48;255;255;255;146;6;0;0;2;0;4;0;7;1;45;245;255;255;214;6;0;0;0;0;0;0;0;0;0;0;2;0;0x09;
1747819171;21.05.2025 09:19:31;00;22;0,0;0,0;28,6;0,0000;0;200,0;-0,4;0,7;200,0;-0,4;0,7;0;0;0;0;0;0;0;0;0;0;0;0;0;0;0;0;0;0;147;253;255;255;47;255;255;255;155;6;0;0;1;0;4;0;8;1;45;245;255;255;214;6;0;0;0;0;0;0;0;0;0;0;2;0;0x09;
1747819191;21.05.2025 09:19:51;00;22;0,0;0,0;28,6;0,0000;0;200,0;-0,4;0,6;200,0;-0,4;0,6;0;0;0;0;0;0;0;0;0;0;0;0;0;0;0;0;0;0;147;253;255;255;47;255;255;255;159;6;0;0;5;0;4;0;8;1;45;245;255;255;214;6;0;0;0;0;0;0;0;0;0;0;2;0;0x09;
1747819211;21.05.2025 09:20:11;00;22;0,0;0,0;28,6;0,0000;0;200,0;-0,4;0,8;200,0;-0,4;0,8;0;0;0;0;0;0;0;0;0;0;0;0;0;0;0;0;0;0;145;253;255;255;46;255;255;255;158;6;0;0;3;0;6;0;8;1;45;245;255;255;214;6;0;0;0;0;0;0;0;0;0;0;2;0;0x09;
1747819232;21.05.2025 09:20:32;00;22;0,0;0,0;28,6;0,0000;0;200,0;-0,5;0,8;200,0;-0,5;0,8;0;0;0;0;0;0;0;0;0;0;0;0;0;0;0;0;0;0;146;253;255;255;45;255;255;255;155;6;0;0;3;0;5;0;7;1;45;245;255;255;214;6;0;0;0;0;0;0;0;0;0;0;2;0;0x09;
1747819252;21.05.2025 09:20:52;00;22;0,0;0,0;28,6;0,0000;0;200,0;-0,2;0,7;200,0;-0,2;0,7;0;0;0;0;0;0;0;0;0;0;0;0;0;0;0;0;0;0;148;253;255;255;44;255;255;255;150;6;0;0;0;0;1;0;3;1;45;245;255;255;214;6;0;0;0;0;0;0;0;0;0;0;2;0;0x09;
1747819272;21.05.2025 09:21:12;00;22;0,0;0,0;28,6;0,0000;0;200,0;-0,2;0,5;200,0;-0,2;0,5;0;0;0;0;0;0;0;0;0;0;0;0;0;0;0;0;0;0;145;253;255;255;43;255;255;255;158;6;0;0;4;0;3;0;7;1;45;245;255;255;214;6;0;0;0;0;0;0;0;0;0;0;2;0;0x09;
1747819292;21.05.2025 09:21:32;00;22;0,0;0,0;28,6;0,0000;0;201,0;-0,2;0,8;201,0;-0,2;0,8;0;0;0;0;0;0;0;0;0;0;0;0;0;0;0;0;0;0;148;253;255;255;45;255;255;255;156;6;0;0;0;0;1;0;5;1;45;245;255;255;214;6;0;0;0;0;0;0;0;0;0;0;2;0;0x09;
1747819312;21.05.2025 09:21:52;00;22;0,0;0,0;28,6;0,0000;0;200,0;-0,2;0,5;200,0;-0,2;0,5;0;0;0;0;0;0;0;0;0;0;0;0;0;0;0;0;0;0;149;253;255;255;46;255;255;255;156;6;0;0;4;0;5;0;8;1;45;245;255;255;214;6;0;0;0;0;0;0;0;0;0;0;2;0;0x09;
1747819332;21.05.2025 09:22:12;00;22;0,0;0,0;28,6;0,0000;0;200,0;-0,3;0,6;200,0;-0,3;0,6;0;0;0;0;0;0;0;0;0;0;0;0;0;0;0;0;0;0;148;253;255;255;47;255;255;255;159;6;0;0;4;0;5;0;8;1;45;245;255;255;214;6;0;0;0;0;0;0;0;0;0;0;2;0;0x09;
1747819352;21.05.2025 09:22:32;00;22;0,0;0,0;28,6;0,0000;0;200,0;-0,3;0,7;200,0;-0,3;0,7;0;0;0;0;0;0;0;0;0;0;0;0;0;0;0;0;0;0;150;253;255;255;48;255;255;255;155;6;0;0;3;0;5;0;7;1;45;245;255;255;214;6;0;0;0;0;0;0;0;0;0;0;2;0;0x09;
1747819372;21.05.2025 09:22:52;00;22;0,0;0,0;28,6;0,0000;0;200,0;-0,6;0,8;200,0;-0,6;0,8;0;0;0;0;0;0;0;0;0;0;0;0;0;0;0;0;0;0;148;253;255;255;47;255;255;255;155;6;0;0;3;0;3;0;7;1;45;245;255;255;214;6;0;0;0;0;0;0;0;0;0;0;2;0;0x09;
1747819392;21.05.2025 09:23:12;00;22;0,0;0,0;28,6;0,0000;0;200,0;-0,5;0,8;200,0;-0,5;0,8;0;0;0;0;0;0;0;0;0;0;0;0;0;0;0;0;0;0;144;253;255;255;45;255;255;255;158;6;0;0;4;0;4;0;11;1;45;245;255;255;214;6;0;0;0;0;0;0;0;0;0;0;2;0;0x09;
1747819412;21.05.2025 09:23:32;00;22;0,0;0,0;28,6;0,0000;0;200,0;-0,3;0,6;200,0;-0,3;0,6;0;0;0;0;0;0;0;0;0;0;0;0;0;0;0;0;0;0;144;253;255;255;44;255;255;255;155;6;0;0;0;0;0;0;5;1;45;245;255;255;214;6;0;0;0;0;0;0;0;0;0;0;2;0;0x09;
1747819432;21.05.2025 09:23:52;00;22;0,0;0,0;28,6;0,0000;0;200,0;-0,4;0,5;200,0;-0,4;0,5;0;0;0;0;0;0;0;0;0;0;0;0;0;0;0;0;0;0;144;253;255;255;44;255;255;255;156;6;0;0;0;0;0;0;4;1;45;245;255;255;214;6;0;0;0;0;0;0;0;0;0;0;2;0;0x09;
1747819452;21.05.2025 09:24:12;00;22;0,0;0,0;28,6;0,0000;0;201,0;-0,4;0,8;201,0;-0,4;0,8;0;0;0;0;0;0;0;0;0;0;0;0;0;0;0;0;0;0;147;253;255;255;43;255;255;255;158;6;0;0;2;0;5;0;7;1;45;245;255;255;214;6;0;0;0;0;0;0;0;0;0;0;2;0;0x09;
1747819472;21.05.2025 09:24:32;00;22;0,0;0,0;28,6;0,0000;0;201,0;-0,1;0,8;201,0;-0,1;0,8;0;0;0;0;0;0;0;0;0;0;0;0;0;0;0;0;0;0;146;253;255;255;44;255;255;255;156;6;0;0;4;0;5;0;7;1;45;245;255;255;214;6;0;0;0;0;0;0;0;0;0;0;2;0;0x09;
1747819492;21.05.2025 09:24:52;00;22;0,0;0,0;28,6;0,0000;0;200,0;-0,4;0,6;200,0;-0,4;0,6;0;0;0;0;0;0;0;0;0;0;0;0;0;0;0;0;0;0;149;253;255;255;46;255;255;255;153;6;0;0;4;0;6;0;8;1;45;245;255;255;214;6;0;0;0;0;0;0;0;0;0;0;2;0;0x09;
1747819512;21.05.2025 09:25:12;00;22;0,0;0,0;28,6;0,0000;0;200,0;-0,5;0,6;200,0;-0,5;0,6;0;0;0;0;0;0;0;0;0;0;0;0;0;0;0;0;0;0;148;253;255;255;46;255;255;255;159;6;0;0;4;0;4;0;6;1;45;245;255;255;214;6;0;0;0;0;0;0;0;0;0;0;2;0;0x09;
1747819534;21.05.2025 09:25:34;00;22;0,0;0,0;28,6;0,0000;0;200,0;-0,3;0,5;200,0;-0,3;0,5;0;0;0;0;0;0;0;0;0;0;0;0;0;0;0;0;0;0;148;253;255;255;46;255;255;255;160;6;0;0;0;0;1;0;6;1;45;245;255;255;214;6;0;0;0;0;0;0;0;0;0;0;2;0;0x09;
1747819554;21.05.2025 09:25:54;00;22;0,0;0,0;28,6;0,0000;0;200,0;-0,3;0,7;200,0;-0,3;0,7;0;0;0;0;0;0;0;0;0;0;0;0;0;0;0;0;0;0;147;253;255;255;47;255;255;255;157;6;0;0;0;0;2;0;4;1;45;245;255;255;214;6;0;0;0;0;0;0;0;0;0;0;2;0;0x09;
1747819574;21.05.2025 09:26:14;00;22;0,0;0,0;28,6;0,0000;0;200,0;-0,3;0,7;200,0;-0,3;0,7;0;0;0;0;0;0;0;0;0;0;0;0;0;0;0;0;0;0;146;253;255;255;45;255;255;255;156;6;0;0;0;0;1;0;5;1;45;245;255;255;214;6;0;0;0;0;0;0;0;0;0;0;2;0;0x09;
1747819594;21.05.2025 09:26:34;00;22;0,0;0,0;28,6;0,0000;0;200,0;-0,3;0,6;200,0;-0,3;0,6;0;0;0;0;0;0;0;0;0;0;0;0;0;0;0;0;0;0;145;253;255;255;44;255;255;255;156;6;0;0;0;0;2;0;4;1;45;245;255;255;214;6;0;0;0;0;0;0;0;0;0;0;2;0;0x09;
1747819614;21.05.2025 09:26:54;00;22;0,0;0,0;28,6;0,0000;0;200,0;-0,6;0,8;200,0;-0,6;0,8;0;0;0;0;0;0;0;0;0;0;0;0;0;0;0;0;0;0;142;253;255;255;43;255;255;255;157;6;0;0;3;0;6;0;7;1;45;245;255;255;214;6;0;0;0;0;0;0;0;0;0;0;2;0;0x09;
1747819634;21.05.2025 09:27:14;00;22;0,0;0,0;28,6;0,0000;0;200,0;-0,2;0,6;200,0;-0,2;0,6;0;0;0;0;0;0;0;0;0;0;0;0;0;0;0;0;0;0;146;253;255;255;43;255;255;255;156;6;0;0;2;0;4;0;9;1;45;245;255;255;214;6;0;0;0;0;0;0;0;0;0;0;2;0;0x09;
1747819654;21.05.2025 09:27:34;00;22;0,0;0,0;28,6;0,0000;0;201,0;-0,5;0,9;201,0;-0,5;0,9;0;0;0;0;0;0;0;0;0;0;0;0;0;0;0;0;0;0;147;253;255;255;44;255;255;255;156;6;0;0;4;0;5;0;7;1;45;245;255;255;214;6;0;0;0;0;0;0;0;0;0;0;2;0;0x09;
1747819674;21.05.2025 09:27:54;00;22;0,0;0,0;28,6;0,0000;0;200,0;-0,4;0,5;200,0;-0,4;0,5;0;0;0;0;0;0;0;0;0;0;0;0;0;0;0;0;0;0;150;253;255;255;46;255;255;255;152;6;0;0;0;0;2;0;5;1;45;245;255;255;214;6;0;0;0;0;0;0;0;0;0;0;2;0;0x09;
1747819694;21.05.2025 09:28:14;00;22;0,0;0,0;28,6;0,0000;0;200,0;-0,3;0,7;200,0;-0,3;0,7;0;0;0;0;0;0;0;0;0;0;0;0;0;0;0;0;0;0;149;253;255;255;46;255;255;255;155;6;0;0;0;0;1;0;4;1;45;245;255;255;214;6;0;0;0;0;0;0;0;0;0;0;2;0;0x09;
1747819714;21.05.2025 09:28:34;00;22;0,0;0,0;28,6;0,0000;0;200,0;-0,3;0,7;200,0;-0,3;0,7;0;0;0;0;0;0;0;0;0;0;0;0;0;0;0;0;0;0;148;253;255;255;46;255;255;255;156;6;0;0;0;0;1;0;4;1;45;245;255;255;214;6;0;0;0;0;0;0;0;0;0;0;2;0;0x09;
1747819734;21.05.2025 09:28:54;00;22;0,0;0,0;28,6;0,0000;0;200,0;-0,6;0,8;200,0;-0,6;0,8;0;0;0;0;0;0;0;0;0;0;0;0;0;0;0;0;0;0;149;253;255;255;47;255;255;255;156;6;0;0;3;0;5;0;7;1;45;245;255;255;214;6;0;0;0;0;0;0;0;0;0;0;2;0;0x09;
1747819754;21.05.2025 09:29:14;00;22;0,0;0,0;28,6;0,0000;0;200,0;-0,3;0,6;200,0;-0,3;0,6;0;0;0;0;0;0;0;0;0;0;0;0;0;0;0;0;0;0;147;253;255;255;46;255;255;255;158;6;0;0;0;0;0;0;4;1;45;245;255;255;214;6;0;0;0;0;0;0;0;0;0;0;2;0;0x09;
1747819774;21.05.2025 09:29:34;00;22;0,0;0,0;28,6;0,0000;0;200,0;-0,1;0,5;200,0;-0,1;0,5;0;0;0;0;0;0;0;0;0;0;0;0;0;0;0;0;0;0;147;253;255;255;46;255;255;255;157;6;0;0;4;0;5;0;7;1;45;245;255;255;214;6;0;0;0;0;0;0;0;0;0;0;2;0;0x09;
1747819794;21.05.2025 09:29:54;00;22;0,0;0,0;28,6;0,0000;0;200,0;-0,3;0,7;200,0;-0,3;0,7;0;0;0;0;0;0;0;0;0;0;0;0;0;0;0;0;0;0;145;253;255;255;44;255;255;255;156;6;0;0;0;0;1;0;5;1;45;245;255;255;214;6;0;0;0;0;0;0;0;0;0;0;2;0;0x09;
1747819814;21.05.2025 09:30:14;00;22;0,0;0,0;28,6;0,0000;0;201,0;-0,2;0,7;201,0;-0,2;0,7;0;0;0;0;0;0;0;0;0;0;0;0;0;0;0;0;0;0;146;253;255;255;43;255;255;255;154;6;0;0;0;0;1;0;5;1;45;245;255;255;214;6;0;0;0;0;0;0;0;0;0;0;2;0;0x09;
1747819834;21.05.2025 09:30:34;00;22;0,0;0,0;28,6;0,0000;0;200,0;-0,3;0,7;200,0;-0,3;0,7;0;0;0;0;0;0;0;0;0;0;0;0;0;0;0;0;0;0;148;253;255;255;43;255;255;255;149;6;0;0;0;0;1;0;4;1;45;245;255;255;214;6;0;0;0;0;0;0;0;0;0;0;2;0;0x09;
1747819855;21.05.2025 09:30:55;00;22;0,0;0,0;28,6;0,0000;0;200,0;-0,4;0,6;200,0;-0,4;0,6;0;0;0;0;0;0;0;0;0;0;0;0;0;0;0;0;0;0;148;253;255;255;44;255;255;255;156;6;0;0;0;0;0;0;5;1;45;245;255;255;214;6;0;0;0;0;0;0;0;0;0;0;2;0;0x09;
1747819875;21.05.2025 09:31:15;00;22;0,0;0,0;28,6;0,0000;0;200,0;-0,7;0,8;200,0;-0,7;0,8;0;0;0;0;0;0;0;0;0;0;0;0;0;0;0;0;0;0;149;253;255;255;46;255;255;255;156;6;0;0;4;0;6;0;8;1;45;245;255;255;214;6;0;0;0;0;0;0;0;0;0;0;2;0;0x09;
1747819895;21.05.2025 09:31:35;00;22;0,0;0,0;28,6;0,0000;0;200,0;-0,4;0,8;200,0;-0,4;0,8;0;0;0;0;0;0;0;0;0;0;0;0;0;0;0;0;0;0;150;253;255;255;47;255;255;255;157;6;0;0;1;0;3;0;5;1;45;245;255;255;214;6;0;0;0;0;0;0;0;0;0;0;2;0;0x09;
1747819915;21.05.2025 09:31:55;00;22;0,0;0,0;28,6;0,0000;0;200,0;-0,3;0,6;200,0;-0,3;0,6;0;0;0;0;0;0;0;0;0;0;0;0;0;0;0;0;0;0;150;253;255;255;47;255;255;255;152;6;0;0;0;0;2;0;6;1;45;245;255;255;214;6;0;0;0;0;0;0;0;0;0;0;2;0;0x09;
1747819936;21.05.2025 09:32:16;00;22;0,0;0,0;28,6;0,0000;0;201,0;-0,5;0,9;201,0;-0,5;0,9;0;0;0;0;0;0;0;0;0;0;0;0;0;0;0;0;0;0;150;253;255;255;47;255;255;255;150;6;0;0;3;0;5;0;8;1;45;245;255;255;214;6;0;0;0;0;0;0;0;0;0;0;2;0;0x09;
1747819956;21.05.2025 09:32:36;00;22;0,0;0,0;28,6;0,0000;0;200,0;-0,3;0,6;200,0;-0,3;0,6;0;0;0;0;0;0;0;0;0;0;0;0;0;0;0;0;0;0;146;253;255;255;45;255;255;255;156;6;0;0;0;0;1;0;4;1;45;245;255;255;214;6;0;0;0;0;0;0;0;0;0;0;2;0;0x09;
1747819976;21.05.2025 09:32:56;00;22;0,0;0,0;28,6;0,0000;0;200,0;-0,5;0,7;200,0;-0,5;0,7;0;0;0;0;0;0;0;0;0;0;0;0;0;0;0;0;0;0;143;253;255;255;43;255;255;255;159;6;0;0;4;0;5;0;8;1;45;245;255;255;214;6;0;0;0;0;0;0;0;0;0;0;2;0;0x09;
1747819996;21.05.2025 09:33:16;00;22;0,0;0,0;28,6;0,0000;0;201,0;-0,5;0,8;201,0;-0,5;0,8;0;0;0;0;0;0;0;0;0;0;0;0;0;0;0;0;0;0;147;253;255;255;43;255;255;255;156;6;0;0;0;0;0;0;5;1;45;245;255;255;214;6;0;0;0;0;0;0;0;0;0;0;2;0;0x09;
1747820016;21.05.2025 09:33:36;00;22;0,0;0,0;28,6;0,0000;0;200,0;-0,3;0,6;200,0;-0,3;0,6;0;0;0;0;0;0;0;0;0;0;0;0;0;0;0;0;0;0;150;253;255;255;43;255;255;255;149;6;0;0;5;0;5;0;7;1;45;245;255;255;214;6;0;0;0;0;0;0;0;0;0;0;2;0;0x09;
1747820036;21.05.2025 09:33:56;00;22;0,0;0,0;28,6;0,0000;0;200,0;-0,2;0,6;200,0;-0,2;0,6;0;0;0;0;0;0;0;0;0;0;0;0;0;0;0;0;0;0;149;253;255;255;44;255;255;255;159;6;0;0;3;0;6;0;8;1;45;245;255;255;214;6;0;0;0;0;0;0;0;0;0;0;2;0;0x09;
1747820056;21.05.2025 09:34:16;00;22;0,0;0,0;28,6;0,0000;0;200,0;-0,3;0,7;200,0;-0,3;0,7;0;0;0;0;0;0;0;0;0;0;0;0;0;0;0;0;0;0;148;253;255;255;45;255;255;255;155;6;0;0;3;0;5;0;9;1;45;245;255;255;214;6;0;0;0;0;0;0;0;0;0;0;2;0;0x09;
1747820076;21.05.2025 09:34:36;00;22;0,0;0,0;28,6;0,0000;0;200,0;-0,3;0,6;200,0;-0,3;0,6;0;0;0;0;0;0;0;0;0;0;0;0;0;0;0;0;0;0;149;253;255;255;46;255;255;255;158;6;0;0;3;0;5;0;8;1;45;245;255;255;214;6;0;0;0;0;0;0;0;0;0;0;2;0;0x09;
1747820096;21.05.2025 09:34:56;00;22;0,0;0,0;28,6;0,0000;0;200,0;-0,3;0,8;200,0;-0,3;0,8;0;0;0;0;0;0;0;0;0;0;0;0;0;0;0;0;0;0;146;253;255;255;45;255;255;255;158;6;0;0;0;0;2;0;5;1;45;245;255;255;214;6;0;0;0;0;0;0;0;0;0;0;2;0;0x09;
1747820116;21.05.2025 09:35:16;00;22;0,0;0,0;28,6;0,0000;0;199,0;-0,4;0,4;199,0;-0,4;0,4;0;0;0;0;0;0;0;0;0;0;0;0;0;0;0;0;0;0;148;253;255;255;46;255;255;255;156;6;0;0;4;0;5;0;8;1;45;245;255;255;214;6;0;0;0;0;0;0;0;0;0;0;2;0;0x09;
1747820136;21.05.2025 09:35:36;00;22;0,0;0,0;28,6;0,0000;0;200,0;-0,6;0,8;200,0;-0,6;0,8;0;0;0;0;0;0;0;0;0;0;0;0;0;0;0;0;0;0;148;253;255;255;45;255;255;255;159;6;0;0;4;0;6;0;9;1;45;245;255;255;214;6;0;0;0;0;0;0;0;0;0;0;2;0;0x09;
1747820157;21.05.2025 09:35:57;00;22;0,0;0,0;28,6;0,0000;0;200,0;-0,4;0,7;200,0;-0,4;0,7;0;0;0;0;0;0;0;0;0;0;0;0;0;0;0;0;0;0;147;253;255;255;44;255;255;255;158;6;0;0;0;0;0;0;5;1;45;245;255;255;214;6;0;0;0;0;0;0;0;0;0;0;2;0;0x09;
1747820177;21.05.2025 09:36:17;00;22;0,0;0,0;28,6;0,0000;0;200,0;-0,2;0,7;200,0;-0,2;0,7;0;0;0;0;0;0;0;0;0;0;0;0;0;0;0;0;0;0;145;253;255;255;44;255;255;255;159;6;0;0;0;0;0;0;4;1;45;245;255;255;214;6;0;0;0;0;0;0;0;0;0;0;2;0;0x09;
1747820197;21.05.2025 09:36:37;00;22;0,0;0,0;28,6;0,0000;0;201,0;-0,5;0,8;201,0;-0,5;0,8;0;0;0;0;0;0;0;0;0;0;0;0;0;0;0;0;0;0;147;253;255;255;43;255;255;255;158;6;0;0;3;0;4;0;8;1;45;245;255;255;214;6;0;0;0;0;0;0;0;0;0;0;2;0;0x09;
1747820217;21.05.2025 09:36:57;00;22;0,0;0,0;28,6;0,0000;0;201,0;-0,4;0,8;201,0;-0,4;0,8;0;0;0;0;0;0;0;0;0;0;0;0;0;0;0;0;0;0;148;253;255;255;44;255;255;255;158;6;0;0;4;0;6;0;8;1;45;245;255;255;214;6;0;0;0;0;0;0;0;0;0;0;2;0;0x09;
1747820237;21.05.2025 09:37:17;00;22;0,0;0,0;28,6;0,0000;0;200,0;-0,6;0,8;200,0;-0,6;0,8;0;0;0;0;0;0;0;0;0;0;0;0;0;0;0;0;0;0;148;253;255;255;45;255;255;255;160;6;0;0;4;0;6;0;8;1;45;245;255;255;214;6;0;0;0;0;0;0;0;0;0;0;2;0;0x09;
1747820257;21.05.2025 09:37:37;00;22;0,0;0,0;28,6;0,0000;0;200,0;-0,3;0,5;200,0;-0,3;0,5;0;0;0;0;0;0;0;0;0;0;0;0;0;0;0;0;0;0;147;253;255;255;46;255;255;255;158;6;0;0;0;0;0;0;6;1;45;245;255;255;214;6;0;0;0;0;0;0;0;0;0;0;2;0;0x09;
1747820277;21.05.2025 09:37:57;00;22;0,0;0,0;28,6;0,0000;0;200,0;-0,5;0,8;200,0;-0,5;0,8;0;0;0;0;0;0;0;0;0;0;0;0;0;0;0;0;0;0;150;253;255;255;46;255;255;255;155;6;0;0;4;0;6;0;5;1;45;245;255;255;214;6;0;0;0;0;0;0;0;0;0;0;2;0;0x09;
1747820297;21.05.2025 09:38:17;00;22;0,0;0,0;28,6;0,0000;0;200,0;-0,4;0,6;200,0;-0,4;0,6;0;0;0;0;0;0;0;0;0;0;0;0;0;0;0;0;0;0;147;253;255;255;46;255;255;255;153;6;0;0;4;0;6;0;8;1;45;245;255;255;214;6;0;0;0;0;0;0;0;0;0;0;2;0;0x09;
1747820318;21.05.2025 09:38:38;00;22;0,0;0,0;28,6;0,0000;0;200,0;-0,7;0,8;200,0;-0,7;0,8;0;0;0;0;0;0;0;0;0;0;0;0;0;0;0;0;0;0;148;253;255;255;46;255;255;255;158;6;0;0;3;0;4;0;7;1;45;245;255;255;214;6;0;0;0;0;0;0;0;0;0;0;2;0;0x09;
1747820337;21.05.2025 09:38:57;00;22;0,0;0,0;28,6;0,0000;0;201,0;-0,6;0,9;201,0;-0,6;0,9;0;0;0;0;0;0;0;0;0;0;0;0;0;0;0;0;0;0;146;253;255;255;44;255;255;255;158;6;0;0;4;0;5;0;8;1;45;245;255;255;214;6;0;0;0;0;0;0;0;0;0;0;2;0;0x09;
1747820358;21.05.2025 09:39:18;00;22;0,0;0,0;28,6;0,0000;0;201,0;-0,4;0,8;201,0;-0,4;0,8;0;0;0;0;0;0;0;0;0;0;0;0;0;0;0;0;0;0;146;253;255;255;43;255;255;255;158;6;0;0;5;0;4;0;9;1;45;245;255;255;214;6;0;0;0;0;0;0;0;0;0;0;2;0;0x09;
1747820378;21.05.2025 09:39:38;00;22;0,0;0,0;28,6;0,0000;0;200,0;-0,4;0,6;200,0;-0,4;0,6;0;0;0;0;0;0;0;0;0;0;0;0;0;0;0;0;0;0;147;253;255;255;42;255;255;255;159;6;0;0;3;0;5;0;8;1;45;245;255;255;214;6;0;0;0;0;0;0;0;0;0;0;2;0;0x09;
1747820398;21.05.2025 09:39:58;00;22;0,0;0,0;28,6;0,0000;0;201,0;-0,3;0,8;201,0;-0,3;0,8;0;0;0;0;0;0;0;0;0;0;0;0;0;0;0;0;0;0;146;253;255;255;42;255;255;255;158;6;0;0;2;0;7;0;9;1;45;245;255;255;214;6;0;0;0;0;0;0;0;0;0;0;2;0;0x09;
1747820418;21.05.2025 09:40:18;00;22;0,0;0,0;28,6;0,0000;0;200,0;-0,3;0,7;200,0;-0,3;0,7;0;0;0;0;0;0;0;0;0;0;0;0;0;0;0;0;0;0;150;253;255;255;45;255;255;255;158;6;0;0;5;0;7;0;8;1;45;245;255;255;214;6;0;0;0;0;0;0;0;0;0;0;2;0;0x09;
1747820438;21.05.2025 09:40:38;00;22;0,0;0,0;28,6;0,0000;0;200,0;-0,3;0,7;200,0;-0,3;0,7;0;0;0;0;0;0;0;0;0;0;0;0;0;0;0;0;0;0;150;253;255;255;46;255;255;255;159;6;0;0;0;0;1;0;6;1;45;245;255;255;214;6;0;0;0;0;0;0;0;0;0;0;2;0;0x09;
1747820459;21.05.2025 09:40:59;00;22;0,0;0,0;28,6;0,0000;0;200,0;-0,3;0,7;200,0;-0,3;0,7;0;0;0;0;0;0;0;0;0;0;0;0;0;0;0;0;0;0;149;253;255;255;46;255;255;255;157;6;0;0;0;0;0;0;7;1;45;245;255;255;214;6;0;0;0;0;0;0;0;0;0;0;2;0;0x09;
1747820479;21.05.2025 09:41:19;00;22;0,0;0,0;28,6;0,0000;0;200,0;-0,4;0,7;200,0;-0,4;0,7;0;0;0;0;0;0;0;0;0;0;0;0;0;0;0;0;0;0;150;253;255;255;47;255;255;255;154;6;0;0;3;0;5;0;7;1;45;245;255;255;214;6;0;0;0;0;0;0;0;0;0;0;2;0;0x09;
1747820499;21.05.2025 09:41:39;00;22;0,0;0,0;28,6;0,0000;0;200,0;-0,3;0,6;200,0;-0,3;0,6;0;0;0;0;0;0;0;0;0;0;0;0;0;0;0;0;0;0;148;253;255;255;47;255;255;255;157;6;0;0;0;0;1;0;4;1;45;245;255;255;214;6;0;0;0;0;0;0;0;0;0;0;2;0;0x09;
1747820519;21.05.2025 09:41:59;00;22;0,0;0,0;28,6;0,0000;0;160,0;-0,6;0,7;160,0;-0,6;0,7;0;0;0;0;0;0;0;0;0;0;0;0;0;0;0;0;0;0;154;253;255;255;249;0;0;0;154;6;0;0;5;0;5;0;9;1;45;245;255;255;214;6;0;0;0;0;0;0;0;0;0;0;2;0;0x09;
1747820539;21.05.2025 09:42:19;00;22;0,0;0,0;28,6;0,0000;0;160,0;-0,7;0,8;160,0;-0,7;0,8;0;0;0;0;0;0;0;0;0;0;0;0;0;0;0;0;0;0;155;253;255;255;248;0;0;0;153;6;0;0;4;0;5;0;7;1;45;245;255;255;214;6;0;0;0;0;0;0;0;0;0;0;2;0;0x09;
1747820559;21.05.2025 09:42:39;00;22;0,0;0,0;28,6;0,0000;0;161,0;-0,8;0,8;161,0;-0,8;0,8;0;0;0;0;0;0;0;0;0;0;0;0;0;0;0;0;0;0;156;253;255;255;248;0;0;0;152;6;0;0;5;0;5;0;8;1;45;245;255;255;214;6;0;0;0;0;0;0;0;0;0;0;2;0;0x09;
1747820579;21.05.2025 09:42:59;00;22;0,0;0,0;28,6;0,0000;0;160,0;-0,4;0,8;160,0;-0,4;0,8;0;0;0;0;0;0;0;0;0;0;0;0;0;0;0;0;0;0;155;253;255;255;249;0;0;0;154;6;0;0;0;0;3;0;5;1;45;245;255;255;214;6;0;0;0;0;0;0;0;0;0;0;2;0;0x09;
1747820599;21.05.2025 09:43:19;00;22;0,0;0,0;28,6;0,0000;0;160,0;-0,6;0,8;160,0;-0,6;0,8;0;0;0;0;0;0;0;0;0;0;0;0;0;0;0;0;0;0;156;253;255;255;247;0;0;0;152;6;0;0;4;0;6;0;8;1;45;245;255;255;214;6;0;0;0;0;0;0;0;0;0;0;2;0;0x09;
1747820619;21.05.2025 09:43:39;00;22;0,0;0,0;28,6;0,0000;0;160,0;-0,8;0,7;160,0;-0,8;0,7;0;0;0;0;0;0;0;0;0;0;0;0;0;0;0;0;0;0;156;253;255;255;248;0;0;0;151;6;0;0;6;0;6;0;9;1;45;245;255;255;214;6;0;0;0;0;0;0;0;0;0;0;2;0;0x09;
1747820639;21.05.2025 09:43:59;00;22;0,0;0,0;28,6;0,0000;0;161,0;-0,7;0,8;161,0;-0,7;0,8;0;0;0;0;0;0;0;0;0;0;0;0;0;0;0;0;0;0;158;253;255;255;246;0;0;0;152;6;0;0;6;0;4;0;8;1;45;245;255;255;214;6;0;0;0;0;0;0;0;0;0;0;2;0;0x09;
1747820659;21.05.2025 09:44:19;00;22;0,0;0,0;28,6;0,0000;0;161,0;-0,8;0,8;161,0;-0,8;0,8;0;0;0;0;0;0;0;0;0;0;0;0;0;0;0;0;0;0;157;253;255;255;248;0;0;0;154;6;0;0;5;0;5;0;9;1;45;245;255;255;214;6;0;0;0;0;0;0;0;0;0;0;2;0;0x09;
1747820665;21.05.2025 09:44:25;00;22;0,0;0,0;28,6;0,0000;0;160,0;-0,7;0,7;160,0;-0,7;0,7;0;0;0;0;0;0;0;0;0;0;0;0;0;0;0;0;0;0;157;253;255;255;246;0;0;0;151;6;0;0;1;0;1;0;5;1;45;245;255;255;214;6;0;0;0;0;0;0;0;0;0;0;2;0;0x09;
1747820675;21.05.2025 09:44:35;00;23;0,0;0,0;28,6;0,0000;0;160,0;-0,7;0,7;160,0;-0,7;0,7;0;0;0;0;0;0;0;0;0;0;0;0;0;0;0;0;0;0;157;253;255;255;246;0;0;0;151;6;0;0;1;0;1;0;5;1;45;245;255;255;214;6;0;0;0;0;0;0;0;0;0;0;2;0;0x09;
1747820695;21.05.2025 09:44:55;01;23;0,0;0,0;28,6;0,0000;0;160,0;-0,7;0,7;160,0;-0,7;0,7;0;0;0;0;0;0;0;0;0;0;0;0;0;0;0;0;0;0;157;253;255;255;246;0;0;0;151;6;0;0;1;0;1;0;5;1;45;245;255;255;214;6;0;0;0;0;0;0;0;0;0;0;2;0;0x09;
1747820700;21.05.2025 09:45:00;01;23;0,0;0,0;28,6;0,0000;0;160,0;-0,7;0,7;160,0;-0,7;0,7;0;0;0;0;0;0;0;0;0;0;0;0;0;0;0;0;0;0;157;253;255;255;246;0;0;0;151;6;0;0;1;0;1;0;5;1;45;245;255;255;214;6;0;0;0;0;0;0;0;0;0;0;2;0;0x09;
1747820710;21.05.2025 09:45:10;00;24;0,0;0,0;28,6;0,0000;0;160,0;-0,7;0,7;160,0;-0,7;0,7;0;0;0;0;0;0;0;0;0;0;0;0;0;0;0;0;0;0;157;253;255;255;246;0;0;0;151;6;0;0;1;0;1;0;5;1;45;245;255;255;214;6;0;0;0;0;0;0;0;0;0;0;2;0;0x09;
1747820730;21.05.2025 09:45:30;00;24;0,0;0,0;28,6;0,0000;0;161,0;-0,7;0,9;161,0;-0,7;0,9;0;0;0;0;0;0;0;0;0;0;0;0;0;0;0;0;0;0;157;253;255;255;245;0;0;0;154;6;0;0;6;0;5;0;8;1;45;245;255;255;214;6;0;0;0;0;0;0;0;0;0;0;2;0;0x09;
1747820750;21.05.2025 09:45:50;00;24;0,0;0,0;28,6;0,0000;0;161,0;-0,8;0,8;161,0;-0,8;0,8;0;0;0;0;0;0;0;0;0;0;0;0;0;0;0;0;0;0;159;253;255;255;244;0;0;0;144;6;0;0;5;0;6;0;8;1;45;245;255;255;214;6;0;0;0;0;0;0;0;0;0;0;2;0;0x09;
1747820770;21.05.2025 09:46:10;00;24;0,0;0,0;28,6;0,0000;0;161,0;-0,9;0,8;161,0;-0,9;0,8;0;0;0;0;0;0;0;0;0;0;0;0;0;0;0;0;0;0;156;253;255;255;245;0;0;0;154;6;0;0;5;0;5;0;8;1;45;245;255;255;214;6;0;0;0;0;0;0;0;0;0;0;2;0;0x09;
1747820792;21.05.2025 09:46:32;00;24;0,0;0,0;28,6;0,0000;0;161,0;-0,6;0,9;161,0;-0,6;0,9;0;0;0;0;0;0;0;0;0;0;0;0;0;0;0;0;0;0;156;253;255;255;245;0;0;0;155;6;0;0;5;0;5;0;6;1;45;245;255;255;214;6;0;0;0;0;0;0;0;0;0;0;2;0;0x09;
1747820812;21.05.2025 09:46:52;00;24;0,0;0,0;28,6;0,0000;0;161,0;-0,7;0,8;161,0;-0,7;0,8;0;0;0;0;0;0;0;0;0;0;0;0;0;0;0;0;0;0;156;253;255;255;245;0;0;0;155;6;0;0;4;0;4;0;9;1;45;245;255;255;214;6;0;0;0;0;0;0;0;0;0;0;2;0;0x09;
1747820832;21.05.2025 09:47:12;00;24;0,0;0,0;28,6;0,0000;0;161,0;-0,6;0,8;161,0;-0,6;0,8;0;0;0;0;0;0;0;0;0;0;0;0;0;0;0;0;0;0;156;253;255;255;246;0;0;0;152;6;0;0;2;0;1;0;4;1;45;245;255;255;214;6;0;0;0;0;0;0;0;0;0;0;2;0;0x09;
1747820852;21.05.2025 09:47:32;00;24;0,0;0,0;28,6;0,0000;0;161,0;-0,6;0,8;161,0;-0,6;0,8;0;0;0;0;0;0;0;0;0;0;0;0;0;0;0;0;0;0;157;253;255;255;244;0;0;0;148;6;0;0;5;0;5;0;8;1;45;245;255;255;214;6;0;0;0;0;0;0;0;0;0;0;2;0;0x09;
1747820872;21.05.2025 09:47:52;00;24;0,0;0,0;28,6;0,0000;1;136,0;-1,2;-0,2;316,1;-178,5;0,1;0;0;0;0;0;0;0;0;0;0;0;0;0;0;0;0;0;0;12;254;255;255;105;254;255;255;50;19;0;0;6;0;1;0;7;255;45;245;255;255;214;6;0;0;0;0;0;0;0;0;0;0;2;0;0x09;
1747820892;21.05.2025 09:48:12;00;24;0,0;0,0;28,6;0,0000;1;134,0;-1,3;-0,3;314,1;-178,5;-0,1;0;0;0;0;0;0;0;0;0;0;0;0;0;0;0;0;0;0;31;254;255;255;105;254;255;255;36;19;0;0;6;0;2;0;7;255;45;245;255;255;214;6;0;0;0;0;0;0;0;0;0;0;2;0;0x09;
1747820897;21.05.2025 09:48:17;00;24;0,0;0,0;28,6;0,0000;1;136,0;-1,0;-0,2;316,1;-178,7;0,1;0;0;0;0;0;0;0;0;0;0;0;0;0;0;0;0;0;0;27;254;255;255;105;254;255;255;48;19;0;0;8;0;2;0;9;255;45;245;255;255;214;6;0;0;0;0;0;0;0;0;0;0;2;0;0x09;
1747820907;21.05.2025 09:48:27;00;25;0,0;0,0;28,6;0,0000;1;136,0;-1,0;-0,2;316,1;-178,7;0,1;0;0;0;0;0;0;0;0;0;0;0;0;0;0;0;0;0;0;27;254;255;255;105;254;255;255;48;19;0;0;8;0;2;0;9;255;45;245;255;255;214;6;0;0;0;0;0;0;0;0;0;0;2;0;0x09;
1747820927;21.05.2025 09:48:47;01;25;0,0;0,0;28,6;0,0000;1;136,0;-1,0;-0,2;316,1;-178,7;0,1;0;0;0;0;0;0;0;0;0;0;0;0;0;0;0;0;0;0;27;254;255;255;105;254;255;255;48;19;0;0;8;0;2;0;9;255;45;245;255;255;214;6;0;0;0;0;0;0;0;0;0;0;2;0;0x09;
1747820933;21.05.2025 09:48:53;01;25;0,0;0,0;28,6;0,0000;1;136,0;-1,0;-0,2;316,1;-178,7;0,1;0;0;0;0;0;0;0;0;0;0;0;0;0;0;0;0;0;0;27;254;255;255;105;254;255;255;48;19;0;0;8;0;2;0;9;255;45;245;255;255;214;6;0;0;0;0;0;0;0;0;0;0;2;0;0x09;
1747820943;21.05.2025 09:49:03;00;26;0,0;0,0;28,6;0,0000;1;136,0;-1,0;-0,2;316,1;-178,7;0,1;0;0;0;0;0;0;0;0;0;0;0;0;0;0;0;0;0;0;27;254;255;255;105;254;255;255;48;19;0;0;8;0;2;0;9;255;45;245;255;255;214;6;0;0;0;0;0;0;0;0;0;0;2;0;0x09;
1747820963;21.05.2025 09:49:23;00;30;0,0;0,0;28,6;0,0000;1;139,0;-1,0;-0,2;319,1;-178,7;0,1;0;0;0;0;0;0;0;0;0;0;0;0;0;0;0;0;0;0;26;254;255;255;104;254;255;255;85;6;0;0;7;0;2;0;8;255;45;245;255;255;214;6;0;0;219;12;0;0;0;0;0;0;2;0;0x09;
1747820983;21.05.2025 09:49:43;00;30;0,0;0,0;28,6;0,0000;1;139,0;-0,9;-0,2;319,1;-178,8;0,1;0;0;0;0;0;0;0;0;0;0;0;0;0;0;0;0;0;0;25;254;255;255;104;254;255;255;86;6;0;0;3;0;255;255;5;255;45;245;255;255;214;6;0;0;219;12;0;0;0;0;0;0;2;0;0x09;
1747821003;21.05.2025 09:50:03;00;30;0,0;0,0;28,6;0,0000;1;139,0;-1,0;-0,1;319,1;-178,8;0,1;0;0;0;0;0;0;0;0;0;0;0;0;0;0;0;0;0;0;25;254;255;255;104;254;255;255;87;6;0;0;2;0;0;0;4;255;45;245;255;255;214;6;0;0;219;12;0;0;0;0;0;0;2;0;0x09;
1747821023;21.05.2025 09:50:23;00;30;0,0;0,0;28,6;0,0000;0;155,0;-0,7;0,7;155,0;-0,7;0,7;0;0;0;0;0;0;0;0;0;0;0;0;0;0;0;0;0;0;169;253;255;255;252;0;0;0;184;249;255;255;4;0;5;0;8;1;45;245;255;255;214;6;0;0;219;12;0;0;0;0;0;0;2;0;0x09;
1747821043;21.05.2025 09:50:43;00;30;0,0;0,0;28,6;0,0000;0;154,0;-0,9;0,9;154,0;-0,9;0,9;0;0;0;0;0;0;0;0;0;0;0;0;0;0;0;0;0;0;169;253;255;255;254;0;0;0;181;249;255;255;5;0;4;0;6;1;45;245;255;255;214;6;0;0;219;12;0;0;0;0;0;0;2;0;0x09;
1747821063;21.05.2025 09:51:03;00;30;0,0;0,0;28,6;0,0000;0;154,0;-0,9;0,7;154,0;-0,9;0,7;0;0;0;0;0;0;0;0;0;0;0;0;0;0;0;0;0;0;169;253;255;255;255;0;0;0;182;249;255;255;5;0;5;0;8;1;45;245;255;255;214;6;0;0;219;12;0;0;0;0;0;0;2;0;0x09;
1747821084;21.05.2025 09:51:24;00;30;0,0;0,0;28,6;0,0000;0;155,0;-0,8;0,7;155,0;-0,8;0,7;0;0;0;0;0;0;0;0;0;0;0;0;0;0;0;0;0;0;169;253;255;255;254;0;0;0;182;249;255;255;4;0;5;0;7;1;45;245;255;255;214;6;0;0;219;12;0;0;0;0;0;0;2;0;0x09;
1747821104;21.05.2025 09:51:44;00;30;0,0;0,0;28,6;0,0000;0;155,0;-0,7;0,7;155,0;-0,7;0,7;0;0;0;0;0;0;0;0;0;0;0;0;0;0;0;0;0;0;170;253;255;255;252;0;0;0;181;249;255;255;3;0;6;0;8;1;45;245;255;255;214;6;0;0;219;12;0;0;0;0;0;0;2;0;0x09;
1747821124;21.05.2025 09:52:04;00;30;0,0;0,0;28,6;0,0000;0;161,0;-0,8;0,9;161,0;-0,8;0,9;0;0;0;0;0;0;0;0;0;0;0;0;0;0;0;0;0;0;142;253;255;255;182;0;0;0;181;249;255;255;5;0;6;0;8;1;45;245;255;255;214;6;0;0;219;12;0;0;0;0;0;0;2;0;0x09;
1747821144;21.05.2025 09:52:24;00;30;0,0;0,0;28,6;0,0000;0;161,0;-0,7;0,8;161,0;-0,7;0,8;0;0;0;0;0;0;0;0;0;0;0;0;0;0;0;0;0;0;142;253;255;255;182;0;0;0;180;249;255;255;5;0;4;0;8;1;45;245;255;255;214;6;0;0;219;12;0;0;0;0;0;0;2;0;0x09;
1747821164;21.05.2025 09:52:44;00;30;0,0;0,0;28,6;0,0000;0;161,0;-0,7;0,8;161,0;-0,7;0,8;0;0;0;0;0;0;0;0;0;0;0;0;0;0;0;0;0;0;141;253;255;255;181;0;0;0;181;249;255;255;4;0;5;0;8;1;45;245;255;255;214;6;0;0;219;12;0;0;0;0;0;0;2;0;0x09;
1747821184;21.05.2025 09:53:04;00;30;0,0;0,0;28,6;0,0000;0;161,0;-0,9;0,9;161,0;-0,9;0,9;0;0;0;0;0;0;0;0;0;0;0;0;0;0;0;0;0;0;144;253;255;255;182;0;0;0;180;249;255;255;6;0;5;0;8;1;45;245;255;255;214;6;0;0;219;12;0;0;0;0;0;0;2;0;0x09;
1747821204;21.05.2025 09:53:24;00;30;0,0;0,0;28,6;0,0000;0;161,0;-0,6;0,8;161,0;-0,6;0,8;0;0;0;0;0;0;0;0;0;0;0;0;0;0;0;0;0;0;142;253;255;255;181;0;0;0;181;249;255;255;6;0;5;0;8;1;45;245;255;255;214;6;0;0;219;12;0;0;0;0;0;0;2;0;0x09;
1747821224;21.05.2025 09:53:44;00;30;0,0;0,0;28,6;0,0000;0;250,0;-0,3;0,7;250,0;-0,3;0,7;0;0;0;0;0;0;0;0;0;0;0;0;0;0;0;0;0;0;40;255;255;255;180;253;255;255;211;249;255;255;4;0;5;0;8;1;45;245;255;255;214;6;0;0;219;12;0;0;0;0;0;0;2;0;0x09;
1747821244;21.05.2025 09:54:04;00;30;0,0;0,0;28,6;0,0000;0;250,0;-0,3;0,5;250,0;-0,3;0,5;0;0;0;0;0;0;0;0;0;0;0;0;0;0;0;0;0;0;42;255;255;255;182;253;255;255;212;249;255;255;4;0;4;0;8;1;45;245;255;255;214;6;0;0;219;12;0;0;0;0;0;0;2;0;0x09;
1747821264;21.05.2025 09:54:24;00;30;0,0;0,0;28,6;0,0000;0;251,0;-0,4;0,5;251,0;-0,4;0,5;0;0;0;0;0;0;0;0;0;0;0;0;0;0;0;0;0;0;41;255;255;255;181;253;255;255;213;249;255;255;3;0;5;0;7;1;45;245;255;255;214;6;0;0;219;12;0;0;0;0;0;0;2;0;0x09;
1747821285;21.05.2025 09:54:45;00;30;0,0;0,0;28,6;0,0000;0;250,0;-0,2;0,4;250,0;-0,2;0,4;0;0;0;0;0;0;0;0;0;0;0;0;0;0;0;0;0;0;41;255;255;255;180;253;255;255;212;249;255;255;4;0;3;0;9;1;45;245;255;255;214;6;0;0;219;12;0;0;0;0;0;0;2;0;0x09;
1747821305;21.05.2025 09:55:05;00;30;0,0;0,0;28,6;0,0000;0;251,0;-0,4;0,5;251,0;-0,4;0,5;0;0;0;0;0;0;0;0;0;0;0;0;0;0;0;0;0;0;41;255;255;255;180;253;255;255;213;249;255;255;3;0;5;0;8;1;45;245;255;255;214;6;0;0;219;12;0;0;0;0;0;0;2;0;0x09;
1747821325;21.05.2025 09:55:25;00;30;0,0;0,0;28,6;0,0000;0;339,0;-0,4;0,1;339,0;-0,4;0,1;0;0;0;0;0;0;0;0;0;0;0;0;0;0;0;0;0;0;111;2;0;0;11;255;255;255;247;249;255;255;2;0;2;0;7;1;45;245;255;255;214;6;0;0;219;12;0;0;0;0;0;0;2;0;0x09;
1747821345;21.05.2025 09:55:45;00;30;0,0;0,0;28,6;0,0000;0;340,0;-0,5;0,2;340,0;-0,5;0,2;0;0;0;0;0;0;0;0;0;0;0;0;0;0;0;0;0;0;113;2;0;0;12;255;255;255;250;249;255;255;1;0;0;0;5;1;45;245;255;255;214;6;0;0;219;12;0;0;0;0;0;0;2;0;0x09;
1747821365;21.05.2025 09:56:05;00;30;0,0;0,0;28,6;0,0000;0;340,0;-0,6;0,4;340,0;-0,6;0,4;0;0;0;0;0;0;0;0;0;0;0;0;0;0;0;0;0;0;113;2;0;0;11;255;255;255;249;249;255;255;4;0;3;0;9;1;45;245;255;255;214;6;0;0;219;12;0;0;0;0;0;0;2;0;0x09;
1747821386;21.05.2025 09:56:26;00;30;0,0;0,0;28,6;0,0000;0;340,0;-0,4;0,3;340,0;-0,4;0,3;0;0;0;0;0;0;0;0;0;0;0;0;0;0;0;0;0;0;111;2;0;0;12;255;255;255;249;249;255;255;6;0;2;0;7;1;45;245;255;255;214;6;0;0;219;12;0;0;0;0;0;0;2;0;0x09;
1747821406;21.05.2025 09:56:46;00;30;0,0;0,0;28,6;0,0000;0;339,0;-0,4;0,1;339,0;-0,4;0,1;0;0;0;0;0;0;0;0;0;0;0;0;0;0;0;0;0;0;113;2;0;0;13;255;255;255;250;249;255;255;0;0;0;0;4;1;45;245;255;255;214;6;0;0;219;12;0;0;0;0;0;0;2;0;0x09;
1747821426;21.05.2025 09:57:06;00;30;0,0;0,0;28,6;0,0000;0;69,0;-0,9;0,6;69,0;-0,9;0,6;0;0;0;0;0;0;0;0;0;0;0;0;0;0;0;0;0;0;206;0;0;0;76;2;0;0;218;249;255;255;4;0;5;0;8;1;45;245;255;255;214;6;0;0;219;12;0;0;0;0;0;0;2;0;0x09;
1747821446;21.05.2025 09:57:26;00;30;0,0;0,0;28,6;0,0000;0;69,0;-1,0;0,4;69,0;-1,0;0,4;0;0;0;0;0;0;0;0;0;0;0;0;0;0;0;0;0;0;206;0;0;0;76;2;0;0;219;249;255;255;6;0;4;0;7;1;45;245;255;255;214;6;0;0;219;12;0;0;0;0;0;0;2;0;0x09;
1747821466;21.05.2025 09:57:46;00;30;0,0;0,0;28,6;0,0000;0;69,0;-0,7;0,4;69,0;-0,7;0,4;0;0;0;0;0;0;0;0;0;0;0;0;0;0;0;0;0;0;206;0;0;0;76;2;0;0;212;249;255;255;1;0;1;0;4;1;45;245;255;255;214;6;0;0;219;12;0;0;0;0;0;0;2;0;0x09;
1747821486;21.05.2025 09:58:06;00;30;0,0;0,0;28,6;0,0000;0;69,0;-0,7;0,3;69,0;-0,7;0,3;0;0;0;0;0;0;0;0;0;0;0;0;0;0;0;0;0;0;205;0;0;0;75;2;0;0;219;249;255;255;1;0;0;0;5;1;45;245;255;255;214;6;0;0;219;12;0;0;0;0;0;0;2;0;0x09;
1747821506;21.05.2025 09:58:26;00;30;0,0;0,0;28,6;0,0000;0;69,0;-0,8;0,5;69,0;-0,8;0,5;0;0;0;0;0;0;0;0;0;0;0;0;0;0;0;0;0;0;207;0;0;0;77;2;0;0;213;249;255;255;7;0;4;0;8;1;45;245;255;255;214;6;0;0;219;12;0;0;0;0;0;0;2;0;0x09;
1747821526;21.05.2025 09:58:46;00;30;0,0;0,0;28,6;0,0000;0;161,0;-0,5;0,8;161,0;-0,5;0,8;0;0;0;0;0;0;0;0;0;0;0;0;0;0;0;0;0;0;142;253;255;255;183;0;0;0;178;249;255;255;5;0;4;0;8;1;45;245;255;255;214;6;0;0;219;12;0;0;0;0;0;0;2;0;0x09;
1747821546;21.05.2025 09:59:06;00;30;0,0;0,0;28,6;0,0000;0;161,0;-0,7;0,8;161,0;-0,7;0,8;0;0;0;0;0;0;0;0;0;0;0;0;0;0;0;0;0;0;142;253;255;255;181;0;0;0;180;249;255;255;5;0;5;0;8;1;45;245;255;255;214;6;0;0;219;12;0;0;0;0;0;0;2;0;0x09;
1747821566;21.05.2025 09:59:26;00;30;0,0;0,0;28,6;0,0000;0;161,0;-0,9;0,7;161,0;-0,9;0,7;0;0;0;0;0;0;0;0;0;0;0;0;0;0;0;0;0;0;141;253;255;255;182;0;0;0;181;249;255;255;5;0;5;0;8;1;45;245;255;255;214;6;0;0;219;12;0;0;0;0;0;0;2;0;0x09;
1747821586;21.05.2025 09:59:46;00;30;0,0;0,0;28,6;0,0000;0;161,0;-0,9;0,9;161,0;-0,9;0,9;0;0;0;0;0;0;0;0;0;0;0;0;0;0;0;0;0;0;142;253;255;255;182;0;0;0;183;249;255;255;5;0;5;0;9;1;45;245;255;255;214;6;0;0;219;12;0;0;0;0;0;0;2;0;0x09;
1747821606;21.05.2025 10:00:06;00;30;0,0;0,0;28,6;0,0000;0;161,0;-0,9;0,7;161,0;-0,9;0,7;0;0;0;0;0;0;0;0;0;0;0;0;0;0;0;0;0;0;142;253;255;255;187;0;0;0;194;249;255;255;5;0;4;0;8;1;45;245;255;255;214;6;0;0;219;12;0;0;0;0;0;0;2;0;0x09;
1747821626;21.05.2025 10:00:26;00;30;0,0;0,0;28,6;0,0000;0;161,0;-0,7;0,6;161,0;-0,7;0,6;0;0;0;0;0;0;0;0;0;0;0;0;0;0;0;0;0;0;143;253;255;255;186;0;0;0;196;249;255;255;6;0;6;0;7;1;45;245;255;255;214;6;0;0;219;12;0;0;0;0;0;0;2;0;0x09;
1747821646;21.05.2025 10:00:46;00;30;0,0;0,0;28,6;0,0000;0;161,0;-0,8;0,7;161,0;-0,8;0,7;0;0;0;0;0;0;0;0;0;0;0;0;0;0;0;0;0;0;145;253;255;255;184;0;0;0;188;249;255;255;5;0;6;0;9;1;45;245;255;255;214;6;0;0;219;12;0;0;0;0;0;0;2;0;0x09;
1747821667;21.05.2025 10:01:07;00;30;0,0;0,0;28,6;0,0000;0;282,0;-0,4;0,1;282,0;-0,4;0,1;0;0;0;0;0;0;0;0;0;0;0;0;0;0;0;0;0;0;231;0;0;0;69;251;255;255;140;243;255;255;4;0;1;0;9;1;45;245;255;255;214;6;0;0;219;12;0;0;0;0;0;0;2;0;0x09;
1747821687;21.05.2025 10:01:27;00;30;0,0;0,0;28,6;0,0000;0;266,0;-0,5;0,0;266,0;-0,5;0,0;0;0;0;0;0;0;0;0;0;0;0;0;0;0;0;0;0;0;104;255;255;255;43;249;255;255;11;243;255;255;5;0;2;0;9;1;45;245;255;255;214;6;0;0;219;12;0;0;0;0;0;0;2;0;0x09;
1747821707;21.05.2025 10:01:47;00;30;0,0;0,0;28,6;0,0000;0;266,0;-0,7;0,0;266,0;-0,7;0,0;0;0;0;0;0;0;0;0;0;0;0;0;0;0;0;0;0;0;105;255;255;255;44;249;255;255;5;243;255;255;4;0;2;0;8;1;45;245;255;255;214;6;0;0;219;12;0;0;0;0;0;0;2;0;0x09;
1747821728;21.05.2025 10:02:08;00;30;0,0;0,0;28,6;0,0000;0;266,0;-0,6;0,0;266,0;-0,6;0,0;0;0;0;0;0;0;0;0;0;0;0;0;0;0;0;0;0;0;104;255;255;255;41;249;255;255;12;243;255;255;4;0;3;0;8;1;45;245;255;255;214;6;0;0;219;12;0;0;0;0;0;0;2;0;0x09;
1747821748;21.05.2025 10:02:28;00;30;0,0;0,0;28,6;0,0000;0;266,0;-0,6;0,2;266,0;-0,6;0,2;0;0;0;0;0;0;0;0;0;0;0;0;0;0;0;0;0;0;104;255;255;255;43;249;255;255;11;243;255;255;4;0;1;0;7;1;45;245;255;255;214;6;0;0;219;12;0;0;0;0;0;0;2;0;0x09;
1747821768;21.05.2025 10:02:48;00;30;0,0;0,0;28,6;0,0000;0;266,0;-0,4;-0,1;266,0;-0,4;-0,1;0;0;0;0;0;0;0;0;0;0;0;0;0;0;0;0;0;0;105;255;255;255;45;249;255;255;8;243;255;255;0;0;0;0;4;1;45;245;255;255;214;6;0;0;219;12;0;0;0;0;0;0;2;0;0x09;
1747821788;21.05.2025 10:03:08;00;30;0,0;0,0;28,6;0,0000;0;266,0;-0,6;0,1;266,0;-0,6;0,1;0;0;0;0;0;0;0;0;0;0;0;0;0;0;0;0;0;0;103;255;255;255;41;249;255;255;11;243;255;255;0;0;255;255;5;1;45;245;255;255;214;6;0;0;219;12;0;0;0;0;0;0;2;0;0x09;
1747821808;21.05.2025 10:03:28;00;30;0,0;0,0;28,6;0,0000;0;266,0;-0,6;0,0;266,0;-0,6;0,0;0;0;0;0;0;0;0;0;0;0;0;0;0;0;0;0;0;0;103;255;255;255;44;249;255;255;13;243;255;255;5;0;2;0;8;1;45;245;255;255;214;6;0;0;219;12;0;0;0;0;0;0;2;0;0x09;
1747821828;21.05.2025 10:03:48;00;30;0,0;0,0;28,6;0,0000;0;264,0;-0,5;0,0;264,0;-0,5;0,0;0;0;0;0;0;0;0;0;0;0;0;0;0;0;0;0;0;0;12;255;255;255;190;248;255;255;234;242;255;255;0;0;0;0;6;1;45;245;255;255;214;6;0;0;219;12;0;0;0;0;0;0;2;0;0x09;
1747821848;21.05.2025 10:04:08;00;30;0,0;0,0;28,6;0,0000;0;241,0;-0,7;0,2;241,0;-0,7;0,2;0;0;0;0;0;0;0;0;0;0;0;0;0;0;0;0;0;0;37;250;255;255;253;245;255;255;236;236;255;255;3;0;1;0;6;1;45;245;255;255;214;6;0;0;219;12;0;0;0;0;0;0;2;0;0x09;
1747821868;21.05.2025 10:04:28;00;30;0,0;0,0;28,6;0,0000;0;240,0;-1,4;-0,1;240,0;-1,4;-0,1;0;0;0;0;0;0;0;0;0;0;0;0;0;0;0;0;0;0;68;249;255;255;67;245;255;255;231;237;255;255;9;0;7;0;253;0;45;245;255;255;214;6;0;0;219;12;0;0;0;0;0;0;2;0;0x09;
1747821888;21.05.2025 10:04:48;00;30;0,0;0,0;28,6;0,0000;0;236,0;-0,6;0,1;236,0;-0,6;0,1;0;0;0;0;0;0;0;0;0;0;0;0;0;0;0;0;0;0;91;249;255;255;121;246;255;255;210;237;255;255;4;0;3;0;8;1;45;245;255;255;214;6;0;0;219;12;0;0;0;0;0;0;2;0;0x09;
1747821908;21.05.2025 10:05:08;00;30;0,0;0,0;28,6;0,0000;0;222,0;-2,4;-0,7;222,0;-2,4;-0,7;0;0;0;0;0;0;0;0;0;0;0;0;0;0;0;0;0;0;76;244;255;255;102;246;255;255;201;237;255;255;14;0;0;0;16;1;45;245;255;255;214;6;0;0;219;12;0;0;0;0;0;0;2;0;0x09;
1747821928;21.05.2025 10:05:28;00;30;0,0;0,0;28,6;0,0000;0;233,0;-0,9;0,2;233,0;-0,9;0,2;0;0;0;0;0;0;0;0;0;0;0;0;0;0;0;0;0;0;172;246;255;255;198;243;255;255;0;238;255;255;2;0;0;0;5;1;45;245;255;255;214;6;0;0;219;12;0;0;0;0;0;0;2;0;0x09;
